priority,priority_reasons,missing_fields,source_type,file_ext,doc_id,sha256,file_name,title,source_url,attachment_url,column,publisher,publish_date,doc_no,business_domain,regulatory_topic,source_site,version_status,effective_date,expiry_date,supersedes_doc_id,superseded_by_doc_id,version_group
2555,eval_hit:25;stat_table;missing_source;unknown_version,source_url;attachment_url;source_site;publish_date;version_status;version_group;effective_date,excel,.xls,nfra_002,,002_2026年2月全国各地区原保险保费收入情况表_2026年2月全国各地区原保险保费收入情况表.xls,2026年2月全国各地区原保险保费收入情况表,,,监管统计数据,国家金融监督管理总局,,,监管统计,全国各地区原保险保费收入,,unknown,,,,,
1475,eval_hit:14;regulation_text;missing_source;unknown_version;has_doc_no,source_url;attachment_url;source_site;publish_date;version_status;version_group;effective_date,pdf,.pdf,nfra_398,,398_财政部办公厅_金融监管总局办公厅关于印发《银行函证工作操作指引》的通知_银行函证工作操作指引.pdf,银行函证工作操作指引,,,,金融监管总局办公厅、财政部办公厅、财政部,,财会〔2022〕39号,银行函证,函证,,unknown,,,,,
1275,eval_hit:12;regulation_text;missing_source;unknown_version;has_doc_no,source_url;attachment_url;source_site;publish_date;version_status;version_group;effective_date,word,.docx,nfra_397,,397_财政部办公厅_金融监管总局办公厅关于印发《银行函证工作操作指引》的通知_银行函证工作操作指引.docx,银行函证工作操作指引,,,,金融监管总局办公厅、财政部办公厅、财政部,,财会〔2022〕39号,银行函证,函证,,unknown,,,,,
1065,eval_hit:10;regulation_text;missing_source;unknown_version,source_url;attachment_url;source_site;publish_date;version_status;version_group;effective_date,word,.doc,nfra_390,,390_国家金融监督管理总局关于印发银行保险机构数据安全管理办法的通知_附件：数据安全事件分级.doc,附件：数据安全事件分级,,,,国家金融监督管理总局,,,消费者权益保护,投诉,,unknown,,,,,
775,eval_hit:7;regulation_text;missing_source;unknown_version;has_doc_no,source_url;attachment_url;source_site;publish_date;version_status;version_group;effective_date,pdf,.pdf,nfra_361,,361_2013年至2017年6月国内21家主要银行绿色信贷数据_绿色信贷统计信息披露说明-中文.pdf,绿色信贷统计信息披露说明-中文,,,,银监会,,银监办发〔2013〕185号,监管统计,统计,,unknown,,,,,
755,eval_hit:7;stat_table;missing_source;unknown_version,source_url;attachment_url;source_site;publish_date;version_status;version_group;effective_date,excel,.xls,nfra_012,,012_2025年商业银行主要监管指标情况表_2025年商业银行主要监管指标情况表.xls,2025年商业银行主要监管指标情况表,,,监管统计数据,国家金融监督管理总局,,,监管统计,商业银行主要监管指标,,unknown,,,,,
665,eval_hit:6;regulation_text;missing_source;unknown_version,source_url;attachment_url;source_site;publish_date;version_status;version_group;effective_date,pdf,.pdf,nfra_362,,362_2013年至2017年6月国内21家主要银行绿色信贷数据_21家国内主要银行绿色信贷统计数据汇总表（201306）CN.p.pdf,21家国内主要银行绿色信贷统计数据汇总表（201306）CN.p,,,,,,,监管统计,统计,,unknown,,,,,
665,eval_hit:6;regulation_text;missing_source;unknown_version,source_url;attachment_url;source_site;publish_date;version_status;version_group;effective_date,pdf,.pdf,nfra_363,,363_2013年至2017年6月国内21家主要银行绿色信贷数据_21家国内主要银行绿色信贷统计数据汇总表（201312）CN.p.pdf,21家国内主要银行绿色信贷统计数据汇总表（201312）CN.p,,,,,,,监管统计,统计,,unknown,,,,,
655,eval_hit:6;stat_table;missing_source;unknown_version,source_url;attachment_url;source_site;publish_date;version_status;version_group;effective_date,excel,.xls,nfra_001,,001_2026年银行业总资产、总负债（月度）_2026年银行业总资产、总负债（月度）.xls,2026年银行业总资产、总负债（月度）,,,监管统计数据,国家金融监督管理总局,,,监管统计,银行业总资产,,unknown,,,,,
455,eval_hit:4;stat_table;missing_source;unknown_version,source_url;attachment_url;source_site;publish_date;version_status;version_group;effective_date,excel,.xls,nfra_070,,070_2024年商业银行主要监管指标情况表（季度）_2024年商业银行主要监管指标情况表.xls,2024年商业银行主要监管指标情况表,,,监管统计数据,国家金融监督管理总局,,,监管统计,商业银行主要监管指标,,unknown,,,,,
355,eval_hit:3;stat_table;missing_source;unknown_version,source_url;attachment_url;source_site;publish_date;version_status;version_group;effective_date,excel,.xls,nfra_003,,003_2026年2月人身险公司经营情况表_2026年2月人身险公司经营情况表.xls,2026年2月人身险公司经营情况表,,,监管统计数据,国家金融监督管理总局,,,保险经营统计,人身险公司经营情况表,,unknown,,,,,
255,eval_hit:2;stat_table;missing_source;unknown_version,source_url;attachment_url;source_site;publish_date;version_status;version_group;effective_date,excel,.xls,nfra_004,,004_2026年2月财产险公司经营情况表_2026年2月财产险公司经营情况表.xls,2026年2月财产险公司经营情况表,,,监管统计数据,国家金融监督管理总局,,,保险经营统计,财产险公司经营情况表,,unknown,,,,,
255,eval_hit:2;stat_table;missing_source;unknown_version,source_url;attachment_url;source_site;publish_date;version_status;version_group;effective_date,excel,.xls,nfra_007,,007_2026年1月人身险公司经营情况表_2026年1月人身险公司经营情况表.xls,2026年1月人身险公司经营情况表,,,监管统计数据,国家金融监督管理总局,,,保险经营统计,人身险公司经营情况表,,unknown,,,,,
255,eval_hit:2;stat_table;missing_source;unknown_version,source_url;attachment_url;source_site;publish_date;version_status;version_group;effective_date,excel,.xls,nfra_008,,008_2026年1月财产险公司经营情况表_2026年1月财产险公司经营情况表.xls,2026年1月财产险公司经营情况表,,,监管统计数据,国家金融监督管理总局,,,保险经营统计,财产险公司经营情况表,,unknown,,,,,
180,eval_hit:1;regulation_text;missing_source;unknown_version;has_doc_no;has_publish_date,source_url;attachment_url;source_site;version_status;version_group;effective_date,pdf,.pdf,nfra_389,,389_国家金融监督管理总局关于印发《金融机构非集中清算衍生品交易保证金管理办法》的通知_国家金融监督管理总局关于印发《金融机构非集中清算衍生品交易保证金.pdf,国家金融监督管理总局关于印发《金融机构非集中清算衍生品交易保证金,,,,国家金融监督管理总局,2024-12-30,金规〔2024〕25号,资本管理,资本,,unknown,,,,,
165,eval_hit:1;regulation_text;missing_source;unknown_version,source_url;attachment_url;source_site;publish_date;version_status;version_group;effective_date,pdf,.pdf,nfra_364,,364_2013年至2017年6月国内21家主要银行绿色信贷数据_21家国内主要银行绿色信贷统计数据汇总表（201406）CN.p.pdf,21家国内主要银行绿色信贷统计数据汇总表（201406）CN.p,,,,,,,监管统计,统计,,unknown,,,,,
165,eval_hit:1;regulation_text;missing_source;unknown_version,source_url;attachment_url;source_site;publish_date;version_status;version_group;effective_date,pdf,.pdf,nfra_365,,365_2013年至2017年6月国内21家主要银行绿色信贷数据_21家国内主要银行绿色信贷统计数据汇总表（201412）CN.p.pdf,21家国内主要银行绿色信贷统计数据汇总表（201412）CN.p,,,,,,,监管统计,统计,,unknown,,,,,
165,eval_hit:1;regulation_text;missing_source;unknown_version,source_url;attachment_url;source_site;publish_date;version_status;version_group;effective_date,pdf,.pdf,nfra_366,,366_2013年至2017年6月国内21家主要银行绿色信贷数据_21家国内主要银行绿色信贷统计数据汇总表（201506）CN.p.pdf,21家国内主要银行绿色信贷统计数据汇总表（201506）CN.p,,,,,,,监管统计,统计,,unknown,,,,,
165,eval_hit:1;regulation_text;missing_source;unknown_version,source_url;attachment_url;source_site;publish_date;version_status;version_group;effective_date,pdf,.pdf,nfra_367,,367_2013年至2017年6月国内21家主要银行绿色信贷数据_21家国内主要银行绿色信贷统计数据汇总表（201512）CN.p.pdf,21家国内主要银行绿色信贷统计数据汇总表（201512）CN.p,,,,,,,监管统计,统计,,unknown,,,,,
165,eval_hit:1;regulation_text;missing_source;unknown_version,source_url;attachment_url;source_site;publish_date;version_status;version_group;effective_date,pdf,.pdf,nfra_368,,368_2013年至2017年6月国内21家主要银行绿色信贷数据_21家国内主要银行绿色信贷统计数据汇总表（201606）CN.p.pdf,21家国内主要银行绿色信贷统计数据汇总表（201606）CN.p,,,,,,,监管统计,统计,,unknown,,,,,
165,eval_hit:1;regulation_text;missing_source;unknown_version,source_url;attachment_url;source_site;publish_date;version_status;version_group;effective_date,pdf,.pdf,nfra_369,,369_2013年至2017年6月国内21家主要银行绿色信贷数据_21家国内主要银行绿色信贷统计数据汇总表（201612）CN.p.pdf,21家国内主要银行绿色信贷统计数据汇总表（201612）CN.p,,,,,,,监管统计,统计,,unknown,,,,,
165,eval_hit:1;regulation_text;missing_source;unknown_version,source_url;attachment_url;source_site;publish_date;version_status;version_group;effective_date,pdf,.pdf,nfra_370,,370_2013年至2017年6月国内21家主要银行绿色信贷数据_21家国内主要银行绿色信贷统计数据汇总表（201706）CN.p.pdf,21家国内主要银行绿色信贷统计数据汇总表（201706）CN.p,,,,,,,监管统计,统计,,unknown,,,,,
165,eval_hit:1;regulation_text;missing_source;unknown_version,source_url;attachment_url;source_site;publish_date;version_status;version_group;effective_date,pdf,.pdf,nfra_373,,373_2015中国保险市场年报（中文)_2015中国保险市场年报（中文).pdf,2015中国保险市场年报（中文),,,,国务院,,,风险管理,风险管理,,unknown,,,,,
165,eval_hit:1;regulation_text;missing_source;unknown_version,source_url;attachment_url;source_site;publish_date;version_status;version_group;effective_date,word,.doc,nfra_385,,385_国家金融监督管理总局关于印发《保险公司资本保证金管理办法》的通知_附件：保险公司资本保证金处置情况报告表.doc,附件：保险公司资本保证金处置情况报告表,,,,国家金融监督管理总局,,,资本管理,资本,,unknown,,,,,
165,eval_hit:1;regulation_text;missing_source;unknown_version,source_url;attachment_url;source_site;publish_date;version_status;version_group;effective_date,pdf,.pdf,nfra_386,,386_国家金融监督管理总局_国家知识产权局_国家版权局关于印发《知识产权金融生态综合试点工作方案》的通知_知识产权金融生态综合试点工作方案.pdf,知识产权金融生态综合试点工作方案,,,,国家金融监督管理总局、国务院,,,绿色金融,绿色金融,,unknown,,,,,
165,eval_hit:1;regulation_text;missing_source;unknown_version,source_url;attachment_url;source_site;publish_date;version_status;version_group;effective_date,word,.doc,nfra_387,,387_国家金融监督管理总局办公厅_关于印发《保险集团集中度风险监管指引》的通知_附件1：集中度风险指标统计表.doc,附件1：集中度风险指标统计表,,,,国家金融监督管理总局,,,监管统计,统计,,unknown,,,,,
165,eval_hit:1;regulation_text;missing_source;unknown_version,source_url;attachment_url;source_site;publish_date;version_status;version_group;effective_date,word,.doc,nfra_388,,388_国家金融监督管理总局办公厅_关于印发《保险集团集中度风险监管指引》的通知_附件2：集中度风险管理情况报告内容.doc,附件2：集中度风险管理情况报告内容,,,,国家金融监督管理总局,,,资本管理,资本,,unknown,,,,,
165,eval_hit:1;regulation_text;missing_source;unknown_version,source_url;attachment_url;source_site;publish_date;version_status;version_group;effective_date,word,.doc,nfra_392,,392_国家金融监督管理总局关于_印发商业银行实施资本计量高级方法_申请及验收规定的通知_附件：商业银行实施资本计量高级方法验收材料清单.doc,附件：商业银行实施资本计量高级方法验收材料清单,,,,国家金融监督管理总局,,,监管统计,报表,,unknown,,,,,
165,eval_hit:1;regulation_text;missing_source;unknown_version,source_url;attachment_url;source_site;publish_date;version_status;version_group;effective_date,word,.doc,nfra_393,,393_国家金融监督管理总局_关于印发金融机构涉刑案件管理办法的通知_报告模板.doc,报告模板,,,,国家金融监督管理总局,,,其他,,,unknown,,,,,
165,eval_hit:1;regulation_text;missing_source;unknown_version,source_url;attachment_url;source_site;publish_date;version_status;version_group;effective_date,pdf,.pdf,nfra_399,,399_国家金融监督管理总局_关于印发非银行金融机构行政许可事项_申请材料目录及格式要求的通知_非银行金融机构行政许可事项申请材料目录及格式要求（2023年版）.pdf,非银行金融机构行政许可事项申请材料目录及格式要求（2023年版）,,,,国家金融监督管理总局,,,行政许可,行政许可,,unknown,,,,,
165,eval_hit:1;regulation_text;missing_source;unknown_version,source_url;attachment_url;source_site;publish_date;version_status;version_group;effective_date,word,.docx,nfra_400,,400_商业银行资本管理办法_附件1：资本工具合格标准.docx,附件1：资本工具合格标准,,,,国家金融监督管理总局,,,资本管理,资本,,unknown,,,,,
165,eval_hit:1;regulation_text;missing_source;unknown_version,source_url;attachment_url;source_site;publish_date;version_status;version_group;effective_date,word,.docx,nfra_401,,401_商业银行资本管理办法_附件2：信用风险权重法风险暴露分类标准.docx,附件2：信用风险权重法风险暴露分类标准,,,,国家金融监督管理总局,,,资本管理,资本,,unknown,,,,,
165,eval_hit:1;regulation_text;missing_source;unknown_version,source_url;attachment_url;source_site;publish_date;version_status;version_group;effective_date,word,.docx,nfra_402,,402_商业银行资本管理办法_附件4：信用风险内部评级法风险暴露分类标准.docx,附件4：信用风险内部评级法风险暴露分类标准,,,,国家金融监督管理总局,,,资本管理,资本,,unknown,,,,,
165,eval_hit:1;regulation_text;missing_source;unknown_version,source_url;attachment_url;source_site;publish_date;version_status;version_group;effective_date,word,.docx,nfra_403,,403_商业银行资本管理办法_附件5：信用风险内部评级体系监管要求.docx,附件5：信用风险内部评级体系监管要求,,,,,,,资本管理,资本,,unknown,,,,,
165,eval_hit:1;regulation_text;missing_source;unknown_version,source_url;attachment_url;source_site;publish_date;version_status;version_group;effective_date,word,.docx,nfra_404,,404_商业银行资本管理办法_附件6：信用风险内部评级法风险加权资产计量规则.docx,附件6：信用风险内部评级法风险加权资产计量规则,,,,,,,资本管理,资本,,unknown,,,,,
80,regulation_text;missing_source;unknown_version;has_doc_no;has_publish_date,source_url;attachment_url;source_site;version_status;version_group;effective_date,pdf,.pdf,nfra_435,,435_中国银保监会关于印发商业银行预期信用损失法实施管理办法的通知_中国银保监会关于印发商业银行预期信用损失法实施管理办法的通知.p.pdf,中国银保监会关于印发商业银行预期信用损失法实施管理办法的通知.p,,,,中国银保监会、银保监会,2022-05-13,银保监规〔2022〕10号,风险管理,风险管理,,unknown,,,,,
80,regulation_text;missing_source;unknown_version;has_doc_no;has_publish_date,source_url;attachment_url;source_site;version_status;version_group;effective_date,pdf,.pdf,nfra_495,,495_中国银保监会办公厅关于_印发意外伤害保险业务监管办法的通知_中国银保监会办公厅关于印发意外伤害保险业务监管办法的通知.pdf,中国银保监会办公厅关于印发意外伤害保险业务监管办法的通知,,,,中国银保监会、银保监会,2021-10-13,银保监办发〔2021〕106号,其他,,,unknown,,,,,
75,regulation_text;missing_source;unknown_version;has_doc_no,source_url;attachment_url;source_site;publish_date;version_status;version_group;effective_date,word,.docx,nfra_458,,458_中国银保监会关于精简保险资金运用监管报告事项的通知_附件1.docx,附件1,,,,中国银保监会、银保监会,,保监发〔2003〕6号,监管统计,报表,,unknown,,,,,
75,regulation_text;missing_source;unknown_version;has_doc_no,source_url;attachment_url;source_site;publish_date;version_status;version_group;effective_date,word,.docx,nfra_459,,459_中国银保监会关于精简保险资金运用监管报告事项的通知_附件2.docx,附件2,,,,中国银保监会、银保监会,,保监发〔2012〕59号,风险管理,风险管理,,unknown,,,,,
75,regulation_text;missing_source;unknown_version;has_doc_no,source_url;attachment_url;source_site;publish_date;version_status;version_group;effective_date,word,.docx,nfra_492,,492_中国银保监会办公厅关于精简保险资产管理公司监管报告事项的通知_附件1：取消的监管报告事项.docx,附件1：取消的监管报告事项,,,,中国银保监会、银保监会,,保监发〔2003〕6号,监管统计,统计,,unknown,,,,,
75,regulation_text;missing_source;unknown_version;has_doc_no,source_url;attachment_url;source_site;publish_date;version_status;version_group;effective_date,word,.docx,nfra_493,,493_中国银保监会办公厅关于精简保险资产管理公司监管报告事项的通知_附件2：合并的监管报告事项.docx,附件2：合并的监管报告事项,,,,中国银保监会、银保监会,,保监发〔2008〕58号,反洗钱,反洗钱,,unknown,,,,,
75,regulation_text;missing_source;unknown_version;has_doc_no,source_url;attachment_url;source_site;publish_date;version_status;version_group;effective_date,word,.docx,nfra_494,,494_中国银保监会办公厅关于精简保险资产管理公司监管报告事项的通知_附件3：整合报送时间的监管报告事项.docx,附件3：整合报送时间的监管报告事项,,,,中国银行保险监督管理委员会、中国银保监会、银保监会,,保监发〔2008〕58号,其他,,,unknown,,,,,
70,regulation_text;missing_source;unknown_version;has_publish_date,source_url;attachment_url;source_site;version_status;version_group;effective_date,word,.doc,nfra_434,,434_企业集团财务公司管理办法_企业集团财务公司管理办法.doc,企业集团财务公司管理办法,,,,中国银行保险监督管理委员会、银保监会,2022-10-13,,资本管理,资本,,unknown,,,,,
70,regulation_text;missing_source;unknown_version;has_publish_date,source_url;attachment_url;source_site;version_status;version_group;effective_date,pdf,.pdf,nfra_497,,497_中国银保监会关于修订_《保险公司偿付能力监管规则_——问题解答第1号：偿付能力监管_等效框架协议过渡期内的香港地区_再保险交易对手违约风险因子》的通知_保险公司偿付能力监管规则——问题解答第1号：偿付能力监管等效框架.pdf,保险公司偿付能力监管规则——问题解答第1号：偿付能力监管等效框架,,,,中国银行保险监督管理委员会、中国银保监会、银保监会,2017-05-16,,资本管理,偿付能力,,unknown,,,,,
65,regulation_text;missing_source;unknown_version,source_url;attachment_url;source_site;publish_date;version_status;version_group;effective_date,pdf,.pdf,nfra_374,,374_2015中国保险市场年报（英文）_2015中国保险市场年报（英文）.pdf,2015中国保险市场年报（英文）,,,,,,,其他,,,unknown,,,,,
65,regulation_text;missing_source;unknown_version,source_url;attachment_url;source_site;publish_date;version_status;version_group;effective_date,word,.doc,nfra_396,,396_消费金融公司管理办法_消费金融公司管理办法.doc,消费金融公司管理办法,,,,国家金融监督管理总局,,,资本管理,资本,,unknown,,,,,
65,regulation_text;missing_source;unknown_version,source_url;attachment_url;source_site;publish_date;version_status;version_group;effective_date,word,.docx,nfra_405,,405_商业银行资本管理办法_附件8：信用风险内部评级法专业贷款风险加权资产计量规则.docx,附件8：信用风险内部评级法专业贷款风险加权资产计量规则,,,,国家金融监督管理总局,,,资本管理,资本,,unknown,,,,,
65,regulation_text;missing_source;unknown_version,source_url;attachment_url;source_site;publish_date;version_status;version_group;effective_date,word,.docx,nfra_406,,406_商业银行资本管理办法_附件10：中央交易对手风险暴露资本计量规则.docx,附件10：中央交易对手风险暴露资本计量规则,,,,国家金融监督管理总局,,,资本管理,资本,,unknown,,,,,
65,regulation_text;missing_source;unknown_version,source_url;attachment_url;source_site;publish_date;version_status;version_group;effective_date,word,.docx,nfra_407,,407_商业银行资本管理办法_附件11：资产证券化风险加权资产计量规则.docx,附件11：资产证券化风险加权资产计量规则,,,,国家金融监督管理总局,,,资本管理,资本,,unknown,,,,,
65,regulation_text;missing_source;unknown_version,source_url;attachment_url;source_site;publish_date;version_status;version_group;effective_date,word,.docx,nfra_408,,408_商业银行资本管理办法_附件12：资产管理产品风险加权资产计量规则.docx,附件12：资产管理产品风险加权资产计量规则,,,,,,,资本管理,资本,,unknown,,,,,
65,regulation_text;missing_source;unknown_version,source_url;attachment_url;source_site;publish_date;version_status;version_group;effective_date,word,.docx,nfra_409,,409_商业银行资本管理办法_附件13：账簿划分和名词解释.docx,附件13：账簿划分和名词解释,,,,国家金融监督管理总局,,,资本管理,资本,,unknown,,,,,
65,regulation_text;missing_source;unknown_version,source_url;attachment_url;source_site;publish_date;version_status;version_group;effective_date,word,.docx,nfra_410,,410_商业银行资本管理办法_附件15：市场风险内部模型法监管要求.docx,附件15：市场风险内部模型法监管要求,,,,,,,资本管理,资本,,unknown,,,,,
65,regulation_text;missing_source;unknown_version,source_url;attachment_url;source_site;publish_date;version_status;version_group;effective_date,word,.docx,nfra_411,,411_商业银行资本管理办法_附件16：市场风险简化标准法计量规则.docx,附件16：市场风险简化标准法计量规则,,,,国家金融监督管理总局、中国人民银行,,,资本管理,资本,,unknown,,,,,
65,regulation_text;missing_source;unknown_version,source_url;attachment_url;source_site;publish_date;version_status;version_group;effective_date,word,.docx,nfra_412,,412_商业银行资本管理办法_附件17：信用估值调整风险加权资产计量规则.docx,附件17：信用估值调整风险加权资产计量规则,,,,国家金融监督管理总局,,,资本管理,资本,,unknown,,,,,
65,regulation_text;missing_source;unknown_version,source_url;attachment_url;source_site;publish_date;version_status;version_group;effective_date,word,.docx,nfra_413,,413_商业银行资本管理办法_附件18：操作风险资本计量监管要求.docx,附件18：操作风险资本计量监管要求,,,,国家金融监督管理总局,,,资本管理,资本,,unknown,,,,,
65,regulation_text;missing_source;unknown_version,source_url;attachment_url;source_site;publish_date;version_status;version_group;effective_date,word,.docx,nfra_414,,414_商业银行资本管理办法_附件19：调整后表内外资产余额计算方法.docx,附件19：调整后表内外资产余额计算方法,,,,国家金融监督管理总局、中国人民银行,,,监管统计,总资产,,unknown,,,,,
65,regulation_text;missing_source;unknown_version,source_url;attachment_url;source_site;publish_date;version_status;version_group;effective_date,word,.doc,nfra_415,,415_商业银行资本管理办法_附件20：商业银行风险评估标准.doc,附件20：商业银行风险评估标准,,,,,,,资本管理,资本,,unknown,,,,,
65,regulation_text;missing_source;unknown_version,source_url;attachment_url;source_site;publish_date;version_status;version_group;effective_date,word,.docx,nfra_416,,416_商业银行资本管理办法_附件21：资本计量高级方法监督检查.docx,附件21：资本计量高级方法监督检查,,,,国家金融监督管理总局,,,资本管理,资本,,unknown,,,,,
65,regulation_text;missing_source;unknown_version,source_url;attachment_url;source_site;publish_date;version_status;version_group;effective_date,word,.docx,nfra_417,,417_商业银行资本管理办法_附件22：商业银行信息披露内容和要求.docx,附件22：商业银行信息披露内容和要求,,,,,,,资本管理,资本,,unknown,,,,,
65,regulation_text;missing_source;unknown_version,source_url;attachment_url;source_site;publish_date;version_status;version_group;effective_date,word,.docx,nfra_418,,418_商业银行资本管理办法_附件24：资本计量高级方法验证要求.docx,附件24：资本计量高级方法验证要求,,,,国家金融监督管理总局,,,监管统计,统计,,unknown,,,,,
65,regulation_text;missing_source;unknown_version,source_url;attachment_url;source_site;publish_date;version_status;version_group;effective_date,word,.doc,nfra_419,,419_商业银行资本管理办法_附件25：外部评级使用规范.doc,附件25：外部评级使用规范,,,,国家金融监督管理总局,,,资本管理,资本,,unknown,,,,,
65,regulation_text;missing_source;unknown_version,source_url;attachment_url;source_site;publish_date;version_status;version_group;effective_date,word,.docx,nfra_420,,420_商业银行资本管理办法_附件9：交易对手信用风险加权资产计量规则.docx,附件9：交易对手信用风险加权资产计量规则,,,,,,,资本管理,资本,,unknown,,,,,
65,regulation_text;missing_source;unknown_version,source_url;attachment_url;source_site;publish_date;version_status;version_group;effective_date,word,.docx,nfra_421,,421_商业银行资本管理办法_附件7：信用风险内部评级法风险缓释监管要求.docx,附件7：信用风险内部评级法风险缓释监管要求,,,,,,,资本管理,资本,,unknown,,,,,
65,regulation_text;missing_source;unknown_version,source_url;attachment_url;source_site;publish_date;version_status;version_group;effective_date,word,.docx,nfra_422,,422_商业银行资本管理办法_附件3：信用风险权重法表内资产风险权重、表外项目信用转换系数及合.docx,附件3：信用风险权重法表内资产风险权重、表外项目信用转换系数及合,,,,,,,资本管理,资本,,unknown,,,,,
65,regulation_text;missing_source;unknown_version,source_url;attachment_url;source_site;publish_date;version_status;version_group;effective_date,word,.docx,nfra_423,,423_商业银行资本管理办法_附件14：市场风险标准法计量规则.docx,附件14：市场风险标准法计量规则,,,,,,,监管统计,报表,,unknown,,,,,
65,regulation_text;missing_source;unknown_version,source_url;attachment_url;source_site;publish_date;version_status;version_group;effective_date,word,.docx,nfra_424,,424_商业银行资本管理办法_附件23：第三档商业银行资本监管规定.docx,附件23：第三档商业银行资本监管规定,,,,国家金融监督管理总局,,,资本管理,资本,,unknown,,,,,
65,regulation_text;missing_source;unknown_version,source_url;attachment_url;source_site;publish_date;version_status;version_group;effective_date,word,.doc,nfra_425,,425_国家金融监督管理总局关于促进金融租赁公司规范经营和合规管理的通知_附件：关于融资租赁业务统计口径的说明.doc,附件：关于融资租赁业务统计口径的说明,,,,国家金融监督管理总局,,,监管统计,统计,,unknown,,,,,
65,regulation_text;missing_source;unknown_version,source_url;attachment_url;source_site;publish_date;version_status;version_group;effective_date,word,.doc,nfra_426,,426_国家金融监督管理总局_中国人民银行_中国证券监督管理委员会_国家互联网信息办公室_国家外汇管理局关于规范货币经纪公司数据服务有关事项的通知_附件1：货币经纪公司提供数据标准.doc,附件1：货币经纪公司提供数据标准,,,,国家金融监督管理总局、中国人民银行,,,风险管理,风险管理,,unknown,,,,,
65,regulation_text;missing_source;unknown_version,source_url;attachment_url;source_site;publish_date;version_status;version_group;effective_date,word,.doc,nfra_428,,428_国家金融监督管理总局_中国人民银行_中国证券监督管理委员会_国家互联网信息办公室_国家外汇管理局关于规范货币经纪公司数据服务有关事项的通知_附件3-1：货币经纪公司提供数据服务协议框架（金融基础设施版）.doc,附件3-1：货币经纪公司提供数据服务协议框架（金融基础设施版）,,,,国家金融监督管理总局、中国人民银行,,,其他,,,unknown,,,,,
65,regulation_text;missing_source;unknown_version,source_url;attachment_url;source_site;publish_date;version_status;version_group;effective_date,word,.doc,nfra_429,,429_国家金融监督管理总局_中国人民银行_中国证券监督管理委员会_国家互联网信息办公室_国家外汇管理局关于规范货币经纪公司数据服务有关事项的通知_附件3-2：货币经纪公司提供数据服务协议框架（金融信息服务商版）.doc,附件3-2：货币经纪公司提供数据服务协议框架（金融信息服务商版）,,,,国家金融监督管理总局、中国人民银行,,,行政许可,准入,,unknown,,,,,
65,regulation_text;missing_source;unknown_version,source_url;attachment_url;source_site;publish_date;version_status;version_group;effective_date,pdf,.pdf,nfra_430,,430_中国银保监会关于印发中资商业银行行政许可事项申请材料_目录及格式要求的通知_附件：中资商业银行行政许可事项申请材料目录及格式要求（2023年.pdf,附件：中资商业银行行政许可事项申请材料目录及格式要求（2023年,,,,中国银保监会、银保监会,,,行政许可,行政许可,,unknown,,,,,
65,regulation_text;missing_source;unknown_version,source_url;attachment_url;source_site;publish_date;version_status;version_group;effective_date,word,.doc,nfra_431,,431_中国银保监会关于规范信托公司信托业务分类的通知_附件1：信托公司信托业务具体分类要求.doc,附件1：信托公司信托业务具体分类要求,,,,中国银保监会、银保监会,,,其他,,,unknown,,,,,
65,regulation_text;missing_source;unknown_version,source_url;attachment_url;source_site;publish_date;version_status;version_group;effective_date,word,.doc,nfra_432,,432_中国银保监会关于规范信托公司信托业务分类的通知_附件2：信托公司信托业务新分类简表.doc,附件2：信托公司信托业务新分类简表,,,,中国银保监会、银保监会,,,其他,,,unknown,,,,,
65,regulation_text;missing_source;unknown_version,source_url;attachment_url;source_site;publish_date;version_status;version_group;effective_date,word,.docx,nfra_433,,433_中国银保监会关于印发商业银行和理财公司个人养老金业务管理暂行办法的通知_附件-首批开办个人养老金业务的机构名单.docx,附件-首批开办个人养老金业务的机构名单,,,,中国银保监会、银保监会,,,其他,,,unknown,,,,,
65,regulation_text;missing_source;unknown_version,source_url;attachment_url;source_site;publish_date;version_status;version_group;effective_date,word,.doc,nfra_443,,443_中国银保监会关于印发_保险公司非寿险业务准备金管理办法_实施细则（1—7号）的通知_细则第6号附件1.准备金报表填表说明.doc,细则第6号附件1.准备金报表填表说明,,,,中国银保监会、银保监会,,,监管统计,报表,,unknown,,,,,
65,regulation_text;missing_source;unknown_version,source_url;attachment_url;source_site;publish_date;version_status;version_group;effective_date,word,.doc,nfra_447,,447_中国银保监会关于印发_保险公司非寿险业务准备金管理办法_实施细则（1—7号）的通知_细则第6号附件5.数据真实性声明书.doc,细则第6号附件5.数据真实性声明书,,,,中国银保监会、银保监会,,,其他,,,unknown,,,,,
65,regulation_text;missing_source;unknown_version,source_url;attachment_url;source_site;publish_date;version_status;version_group;effective_date,word,.doc,nfra_448,,448_中国银保监会关于印发_保险公司非寿险业务准备金管理办法_实施细则（1—7号）的通知_细则第6号附件6.总精算师声明书及精算意见.doc,细则第6号附件6.总精算师声明书及精算意见,,,,中国银保监会、银保监会,,,其他,,,unknown,,,,,
65,regulation_text;missing_source;unknown_version,source_url;attachment_url;source_site;publish_date;version_status;version_group;effective_date,word,.doc,nfra_451,,451_中国银保监会关于印发融资租赁公司非现场监管规程的通知_附件1.doc,附件1,,,,中国银保监会、银保监会,,,监管统计,统计,,unknown,,,,,
65,regulation_text;missing_source;unknown_version,source_url;attachment_url;source_site;publish_date;version_status;version_group;effective_date,word,.doc,nfra_452,,452_中国银保监会关于印发融资租赁公司非现场监管规程的通知_附件2.doc,附件2,,,,中国银保监会、银保监会,,,监管统计,统计,,unknown,,,,,
65,regulation_text;missing_source;unknown_version,source_url;attachment_url;source_site;publish_date;version_status;version_group;effective_date,word,.doc,nfra_453,,453_中国银保监会关于印发融资租赁公司非现场监管规程的通知_附件3.doc,附件3,,,,中国银保监会、银保监会,,,监管统计,统计,,unknown,,,,,
65,regulation_text;missing_source;unknown_version,source_url;attachment_url;source_site;publish_date;version_status;version_group;effective_date,word,.doc,nfra_454,,454_中国银保监会关于印发融资租赁公司非现场监管规程的通知_附件4.doc,附件4,,,,中国银保监会、银保监会,,,监管统计,统计,,unknown,,,,,
65,regulation_text;missing_source;unknown_version,source_url;attachment_url;source_site;publish_date;version_status;version_group;effective_date,word,.doc,nfra_455,,455_中国银保监会关于印发融资租赁公司非现场监管规程的通知_附件5.doc,附件5,,,,中国银保监会、银保监会,,,监管统计,统计,,unknown,,,,,
65,regulation_text;missing_source;unknown_version,source_url;attachment_url;source_site;publish_date;version_status;version_group;effective_date,word,.doc,nfra_456,,456_中国银保监会关于印发融资租赁公司非现场监管规程的通知_附件6.doc,附件6,,,,中国银保监会、银保监会,,,监管统计,统计,,unknown,,,,,
65,regulation_text;missing_source;unknown_version,source_url;attachment_url;source_site;publish_date;version_status;version_group;effective_date,word,.doc,nfra_457,,457_中国银保监会关于印发融资租赁公司非现场监管规程的通知_附件7.doc,附件7,,,,中国银保监会、银保监会、财政部,,,监管统计,报表,,unknown,,,,,
65,regulation_text;missing_source;unknown_version,source_url;attachment_url;source_site;publish_date;version_status;version_group;effective_date,pdf,.pdf,nfra_460,,460_中国银保监会关于实施_保险公司偿付能力监管规则（Ⅱ）_有关事项的通知_附件1：寿险合同负债评估的折现率曲线.pdf,附件1：寿险合同负债评估的折现率曲线,,,,中国银保监会、银保监会,,,资本管理,偿付能力,,unknown,,,,,
65,regulation_text;missing_source;unknown_version,source_url;attachment_url;source_site;publish_date;version_status;version_group;effective_date,pdf,.pdf,nfra_462,,462_中国银保监会关于实施_保险公司偿付能力监管规则（Ⅱ）_有关事项的通知_附件3：人身保险公司利率风险基础情景和不利情景曲线.pdf,附件3：人身保险公司利率风险基础情景和不利情景曲线,,,,中国银保监会、银保监会,,,资本管理,资本,,unknown,,,,,
65,regulation_text;missing_source;unknown_version,source_url;attachment_url;source_site;publish_date;version_status;version_group;effective_date,pdf,.pdf,nfra_463,,463_中国银保监会关于实施_保险公司偿付能力监管规则（Ⅱ）_有关事项的通知_附件4：保险公司压力测试必测压力情景和必测因素.pdf,附件4：保险公司压力测试必测压力情景和必测因素,,,,中国银保监会、银保监会,,,监管统计,保费收入,,unknown,,,,,
65,regulation_text;missing_source;unknown_version,source_url;attachment_url;source_site;publish_date;version_status;version_group;effective_date,pdf,.pdf,nfra_465,,465_中国银保监会关于实施_保险公司偿付能力监管规则（Ⅱ）_有关事项的通知_附件6：现金流压力测试的压力情景.pdf,附件6：现金流压力测试的压力情景,,,,中国银保监会、银保监会,,,监管统计,保费收入,,unknown,,,,,
65,regulation_text;missing_source;unknown_version,source_url;attachment_url;source_site;publish_date;version_status;version_group;effective_date,pdf,.pdf,nfra_467,,467_中国银保监会关于实施_保险公司偿付能力监管规则（Ⅱ）_有关事项的通知_附件8：应当编报保险集团偿付能力报告的公司名单.pdf,附件8：应当编报保险集团偿付能力报告的公司名单,,,,中国银保监会、银保监会,,,资本管理,偿付能力,,unknown,,,,,
65,regulation_text;missing_source;unknown_version,source_url;attachment_url;source_site;publish_date;version_status;version_group;effective_date,pdf,.pdf,nfra_472,,472_中国银保监会关于印发保险公司偿付能力_监管规则（Ⅱ）的通知_保险公司偿付能力监管规则第1号：实际资本.pdf,保险公司偿付能力监管规则第1号：实际资本,,,,中国银保监会、银保监会,,,监管统计,报表,,unknown,,,,,
65,regulation_text;missing_source;unknown_version,source_url;attachment_url;source_site;publish_date;version_status;version_group;effective_date,pdf,.pdf,nfra_473,,473_中国银保监会关于印发保险公司偿付能力_监管规则（Ⅱ）的通知_保险公司偿付能力监管规则第2号：最低资本.pdf,保险公司偿付能力监管规则第2号：最低资本,,,,中国银保监会、银保监会,,,资本管理,资本,,unknown,,,,,
65,regulation_text;missing_source;unknown_version,source_url;attachment_url;source_site;publish_date;version_status;version_group;effective_date,pdf,.pdf,nfra_474,,474_中国银保监会关于印发保险公司偿付能力_监管规则（Ⅱ）的通知_保险公司偿付能力监管规则第3号：寿险合同负债评估_.pdf,中国银保监会关于印发保险公司偿付能力_监管规则（Ⅱ）的通知_保险公司偿付能力监管规则第3号：寿险合同负债评估_,,,,中国银保监会、银保监会,,,监管统计,报表,,unknown,,,,,
65,regulation_text;missing_source;unknown_version,source_url;attachment_url;source_site;publish_date;version_status;version_group;effective_date,pdf,.pdf,nfra_475,,475_中国银保监会关于印发保险公司偿付能力_监管规则（Ⅱ）的通知_保险公司偿付能力监管规则第4号：保险风险最低资本（非寿险业务）.pdf,保险公司偿付能力监管规则第4号：保险风险最低资本（非寿险业务）,,,,中国银保监会、银保监会,,,资本管理,资本,,unknown,,,,,
65,regulation_text;missing_source;unknown_version,source_url;attachment_url;source_site;publish_date;version_status;version_group;effective_date,pdf,.pdf,nfra_476,,476_中国银保监会关于印发保险公司偿付能力_监管规则（Ⅱ）的通知_保险公司偿付能力监管规则第5号：保险风险最低资本（寿险业务）.p.pdf,保险公司偿付能力监管规则第5号：保险风险最低资本（寿险业务）.p,,,,中国银保监会、银保监会,,,资本管理,资本,,unknown,,,,,
65,regulation_text;missing_source;unknown_version,source_url;attachment_url;source_site;publish_date;version_status;version_group;effective_date,pdf,.pdf,nfra_477,,477_中国银保监会关于印发保险公司偿付能力_监管规则（Ⅱ）的通知_保险公司偿付能力监管规则第6号：保险风险最低资本（再保险公司）.pdf,保险公司偿付能力监管规则第6号：保险风险最低资本（再保险公司）,,,,中国银保监会、银保监会,,,资本管理,资本,,unknown,,,,,
65,regulation_text;missing_source;unknown_version,source_url;attachment_url;source_site;publish_date;version_status;version_group;effective_date,pdf,.pdf,nfra_478,,478_中国银保监会关于印发保险公司偿付能力_监管规则（Ⅱ）的通知_保险公司偿付能力监管规则第7号：市场风险和信用风险的穿透计量.pdf,保险公司偿付能力监管规则第7号：市场风险和信用风险的穿透计量,,,,中国银保监会、银保监会,,,资本管理,资本,,unknown,,,,,
65,regulation_text;missing_source;unknown_version,source_url;attachment_url;source_site;publish_date;version_status;version_group;effective_date,pdf,.pdf,nfra_479,,479_中国银保监会关于印发保险公司偿付能力_监管规则（Ⅱ）的通知_保险公司偿付能力监管规则第8号：市场风险最低资本_.pdf,中国银保监会关于印发保险公司偿付能力_监管规则（Ⅱ）的通知_保险公司偿付能力监管规则第8号：市场风险最低资本_,,,,中国银保监会、银保监会,,,资本管理,资本,,unknown,,,,,
65,regulation_text;missing_source;unknown_version,source_url;attachment_url;source_site;publish_date;version_status;version_group;effective_date,pdf,.pdf,nfra_480,,480_中国银保监会关于印发保险公司偿付能力_监管规则（Ⅱ）的通知_保险公司偿付能力监管规则第9号：信用风险最低资本_.pdf,中国银保监会关于印发保险公司偿付能力_监管规则（Ⅱ）的通知_保险公司偿付能力监管规则第9号：信用风险最低资本_,,,,中国银保监会、银保监会,,,资本管理,资本,,unknown,,,,,
65,regulation_text;missing_source;unknown_version,source_url;attachment_url;source_site;publish_date;version_status;version_group;effective_date,pdf,.pdf,nfra_481,,481_中国银保监会关于印发保险公司偿付能力_监管规则（Ⅱ）的通知_保险公司偿付能力监管规则第10号：压力测试_.pdf,中国银保监会关于印发保险公司偿付能力_监管规则（Ⅱ）的通知_保险公司偿付能力监管规则第10号：压力测试_,,,,中国银保监会、银保监会,,,资本管理,偿付能力,,unknown,,,,,
65,regulation_text;missing_source;unknown_version,source_url;attachment_url;source_site;publish_date;version_status;version_group;effective_date,pdf,.pdf,nfra_482,,482_中国银保监会关于印发保险公司偿付能力_监管规则（Ⅱ）的通知_保险公司偿付能力监管规则第11号：风险综合评级（分类监管）_.p.pdf,.p,,,,中国银保监会、银保监会,,,资本管理,资本,,unknown,,,,,
65,regulation_text;missing_source;unknown_version,source_url;attachment_url;source_site;publish_date;version_status;version_group;effective_date,pdf,.pdf,nfra_483,,483_中国银保监会关于印发保险公司偿付能力_监管规则（Ⅱ）的通知_保险公司偿付能力监管规则第12号：偿付能力风险管理要求与评估.p.pdf,保险公司偿付能力监管规则第12号：偿付能力风险管理要求与评估.p,,,,中国银保监会、银保监会,,,监管统计,总资产,,unknown,,,,,
65,regulation_text;missing_source;unknown_version,source_url;attachment_url;source_site;publish_date;version_status;version_group;effective_date,pdf,.pdf,nfra_484,,484_中国银保监会关于印发保险公司偿付能力_监管规则（Ⅱ）的通知_保险公司偿付能力监管规则第13号：流动性风险.pdf,保险公司偿付能力监管规则第13号：流动性风险,,,,中国银保监会、银保监会,,,资本管理,偿付能力,,unknown,,,,,
65,regulation_text;missing_source;unknown_version,source_url;attachment_url;source_site;publish_date;version_status;version_group;effective_date,pdf,.pdf,nfra_485,,485_中国银保监会关于印发保险公司偿付能力_监管规则（Ⅱ）的通知_保险公司偿付能力监管规则第14号：资本规划.pdf,保险公司偿付能力监管规则第14号：资本规划,,,,中国银保监会、银保监会,,,资本管理,资本,,unknown,,,,,
65,regulation_text;missing_source;unknown_version,source_url;attachment_url;source_site;publish_date;version_status;version_group;effective_date,pdf,.pdf,nfra_486,,486_中国银保监会关于印发保险公司偿付能力_监管规则（Ⅱ）的通知_保险公司偿付能力监管规则第15号：偿付能力信息公开披露.pdf,保险公司偿付能力监管规则第15号：偿付能力信息公开披露,,,,中国银保监会、银保监会,,,资本管理,资本,,unknown,,,,,
65,regulation_text;missing_source;unknown_version,source_url;attachment_url;source_site;publish_date;version_status;version_group;effective_date,pdf,.pdf,nfra_487,,487_中国银保监会关于印发保险公司偿付能力_监管规则（Ⅱ）的通知_保险公司偿付能力监管规则第16号：偿付能力信息交流.pdf,保险公司偿付能力监管规则第16号：偿付能力信息交流,,,,中国银保监会、银保监会,,,资本管理,偿付能力,,unknown,,,,,
65,regulation_text;missing_source;unknown_version,source_url;attachment_url;source_site;publish_date;version_status;version_group;effective_date,pdf,.pdf,nfra_488,,488_中国银保监会关于印发保险公司偿付能力_监管规则（Ⅱ）的通知_保险公司偿付能力监管规则第17号：保险公司信用评级.pdf,保险公司偿付能力监管规则第17号：保险公司信用评级,,,,中国银保监会、银保监会,,,资本管理,资本,,unknown,,,,,
65,regulation_text;missing_source;unknown_version,source_url;attachment_url;source_site;publish_date;version_status;version_group;effective_date,pdf,.pdf,nfra_489,,489_中国银保监会关于印发保险公司偿付能力_监管规则（Ⅱ）的通知_保险公司偿付能力监管规则第18号：偿付能力报告.pdf,保险公司偿付能力监管规则第18号：偿付能力报告,,,,中国银保监会、银保监会,,,资本管理,资本,,unknown,,,,,
65,regulation_text;missing_source;unknown_version,source_url;attachment_url;source_site;publish_date;version_status;version_group;effective_date,pdf,.pdf,nfra_490,,490_中国银保监会关于印发保险公司偿付能力_监管规则（Ⅱ）的通知_保险公司偿付能力监管规则第19号：保险集团_.pdf,中国银保监会关于印发保险公司偿付能力_监管规则（Ⅱ）的通知_保险公司偿付能力监管规则第19号：保险集团_,,,,中国银保监会、银保监会,,,资本管理,资本,,unknown,,,,,
65,regulation_text;missing_source;unknown_version,source_url;attachment_url;source_site;publish_date;version_status;version_group;effective_date,pdf,.pdf,nfra_491,,491_中国银保监会关于印发保险公司偿付能力_监管规则（Ⅱ）的通知_保险公司偿付能力监管规则第20号：劳合社保险（中国）有限公司.p.pdf,保险公司偿付能力监管规则第20号：劳合社保险（中国）有限公司.p,,,,中国银保监会、银保监会,,,资本管理,资本,,unknown,,,,,
65,regulation_text;missing_source;unknown_version,source_url;attachment_url;source_site;publish_date;version_status;version_group;effective_date,word,.doc,nfra_498,,498_中国银保监会办公厅关于印发非银行金融机构行政许可事项申请材料目录及格式要求的通知_非银行金融机构行政许可事项申请材料目录及格式要求（2021年版）.doc,非银行金融机构行政许可事项申请材料目录及格式要求（2021年版）,,,,中国银保监会、银保监会,,,资本管理,资本,,unknown,,,,,
65,regulation_text;missing_source;unknown_version,source_url;attachment_url;source_site;publish_date;version_status;version_group;effective_date,word,.doc,nfra_499,,499_中国银保监会办公厅关于加强保险公司省级分公司以下分支机构负责人管理的通知_任职报告表.doc,任职报告表,,,,中国银行保险监督管理委员会、中国银保监会、银保监会,,,其他,,,unknown,,,,,
65,regulation_text;missing_source;unknown_version,source_url;attachment_url;source_site;publish_date;version_status;version_group;effective_date,word,.docx,nfra_500,,500_银行保险机构恢复和处置计划实施暂行办法_附件1：恢复计划示例（商业银行版）.docx,附件1：恢复计划示例（商业银行版）,,,,,,,资本管理,资本,,unknown,,,,,
65,regulation_text;missing_source;unknown_version,source_url;attachment_url;source_site;publish_date;version_status;version_group;effective_date,word,.docx,nfra_501,,501_银行保险机构恢复和处置计划实施暂行办法_附件2：恢复计划示例（保险公司版）.docx,附件2：恢复计划示例（保险公司版）,,,,,,,风险管理,风险管理,,unknown,,,,,
65,regulation_text;missing_source;unknown_version,source_url;attachment_url;source_site;publish_date;version_status;version_group;effective_date,word,.docx,nfra_502,,502_银行保险机构恢复和处置计划实施暂行办法_附件3：处置计划建议示例（商业银行版）.docx,附件3：处置计划建议示例（商业银行版）,,,,,,,风险管理,风险管理,,unknown,,,,,
65,regulation_text;missing_source;unknown_version,source_url;attachment_url;source_site;publish_date;version_status;version_group;effective_date,word,.docx,nfra_503,,503_银行保险机构恢复和处置计划实施暂行办法_附件4：处置计划建议示例（保险公司版）.docx,附件4：处置计划建议示例（保险公司版）,,,,,,,风险管理,风险管理,,unknown,,,,,
65,regulation_text;missing_source;unknown_version,source_url;attachment_url;source_site;publish_date;version_status;version_group;effective_date,word,.doc,nfra_504,,504_中国银保监会办公厅_中国人民银行办公厅关于_简化提取已故存款人小额存款相关事宜的通知_附件1：承诺书参考样本（提取申请人为已故存款人的配偶、子女、父母.doc,附件1：承诺书参考样本（提取申请人为已故存款人的配偶、子女、父母,,,,中国银保监会、中国人民银行、银保监会,,,支付结算,账户,,unknown,,,,,
65,regulation_text;missing_source;unknown_version,source_url;attachment_url;source_site;publish_date;version_status;version_group;effective_date,word,.doc,nfra_505,,505_中国银保监会办公厅_中国人民银行办公厅关于_简化提取已故存款人小额存款相关事宜的通知_附件2：承诺书参考样本（提取申请人为已故存款人的公证遗嘱指定的继.doc,附件2：承诺书参考样本（提取申请人为已故存款人的公证遗嘱指定的继,,,,中国银保监会、中国人民银行、银保监会,,,支付结算,账户,,unknown,,,,,
65,regulation_text;missing_source;unknown_version,source_url;attachment_url;source_site;publish_date;version_status;version_group;effective_date,word,.doc,nfra_506,,506_中国银保监会办公厅关于印发银保监会现场检查立项和实施程序规定（试行）的通知_1.现场检查通知书.doc,1.现场检查通知书,,,,中国银行保险监督管理委员会、中国银保监会、银保监会,,,其他,,,unknown,,,,,
65,regulation_text;missing_source;unknown_version,source_url;attachment_url;source_site;publish_date;version_status;version_group;effective_date,word,.doc,nfra_507,,507_中国银保监会办公厅关于印发银保监会现场检查立项和实施程序规定（试行）的通知_2.现场检查公告_.doc,中国银保监会办公厅关于印发银保监会现场检查立项和实施程序规定（试行）的通知_2.现场检查公告_,,,,中国银行业监督管理委员会、中国银保监会、银保监会,,,支付结算,支付,,unknown,,,,,
55,stat_table;missing_source;unknown_version,source_url;attachment_url;source_site;publish_date;version_status;version_group;effective_date,excel,.xls,nfra_005,,005_2026年2月保险业经营情况表_2026年2月保险业经营情况表.xls,2026年2月保险业经营情况表,,,监管统计数据,国家金融监督管理总局,,,保险经营统计,保险业经营情况表,,unknown,,,,,
55,stat_table;missing_source;unknown_version,source_url;attachment_url;source_site;publish_date;version_status;version_group;effective_date,excel,.xls,nfra_006,,006_2026年1月全国各地区原保险保费收入情况表_2026年1月全国各地区原保险保费收入情况表.xls,2026年1月全国各地区原保险保费收入情况表,,,监管统计数据,国家金融监督管理总局,,,监管统计,全国各地区原保险保费收入,,unknown,,,,,
55,stat_table;missing_source;unknown_version,source_url;attachment_url;source_site;publish_date;version_status;version_group;effective_date,excel,.xls,nfra_009,,009_2026年1月保险业经营情况表_2026年1月保险业经营情况表.xls,2026年1月保险业经营情况表,,,监管统计数据,国家金融监督管理总局,,,保险经营统计,保险业经营情况表,,unknown,,,,,
55,stat_table;missing_source;unknown_version,source_url;attachment_url;source_site;publish_date;version_status;version_group;effective_date,excel,.xls,nfra_010,,010_2026年国家金融监督管理总局监管统计信息发布日程表_2026年国家金融监督管理总局监管统计信息发布日程表.xls,2026年国家金融监督管理总局监管统计信息发布日程表,,,监管统计数据,国家金融监督管理总局,,,监管统计,监管统计信息发布日程,,unknown,,,,,
55,stat_table;missing_source;unknown_version,source_url;attachment_url;source_site;publish_date;version_status;version_group;effective_date,excel,.xls,nfra_011,,011_2025年银行业金融机构总资产、总负债（季度）_2025年银行业金融机构总资产、总负债(季度).xls,2025年银行业金融机构总资产、总负债(季度),,,监管统计数据,国家金融监督管理总局,,,监管统计,总资产、总负债,,unknown,,,,,
55,stat_table;missing_source;unknown_version,source_url;attachment_url;source_site;publish_date;version_status;version_group;effective_date,excel,.xls,nfra_013,,013_2025年商业银行主要指标分机构类情况表_2025年商业银行主要指标分机构类情况表.xls,2025年商业银行主要指标分机构类情况表,,,监管统计数据,国家金融监督管理总局,,,监管统计,商业银行主要指标分机构类,,unknown,,,,,
55,stat_table;missing_source;unknown_version,source_url;attachment_url;source_site;publish_date;version_status;version_group;effective_date,excel,.xls,nfra_014,,014_2025年银行业金融机构普惠型小微企业贷款情况_2025年银行业金融机构普惠型小微企业贷款情况表.xls,2025年银行业金融机构普惠型小微企业贷款情况表,,,监管统计数据,国家金融监督管理总局,,,监管统计,普惠型小微企业贷款,,unknown,,,,,
55,stat_table;missing_source;unknown_version,source_url;attachment_url;source_site;publish_date;version_status;version_group;effective_date,excel,.xls,nfra_015,,015_2025年银行业金融机构普惠型涉农贷款情况表_2025年银行业金融机构普惠型涉农贷款情况表.xls,2025年银行业金融机构普惠型涉农贷款情况表,,,监管统计数据,国家金融监督管理总局,,,监管统计,普惠型涉农贷款,,unknown,,,,,
55,stat_table;missing_source;unknown_version,source_url;attachment_url;source_site;publish_date;version_status;version_group;effective_date,excel,.xls,nfra_016,,016_2025年保险公司偿付能力情况表_2025年保险公司偿付能力状况表.xls,2025年保险公司偿付能力状况表,,,监管统计数据,国家金融监督管理总局,,,监管统计,偿付能力状况表,,unknown,,,,,
55,stat_table;missing_source;unknown_version,source_url;attachment_url;source_site;publish_date;version_status;version_group;effective_date,excel,.xls,nfra_017,,017_2025年四季度保险公司资金运用情况表_2025年四季度保险公司资金运用情况表.xls,2025年四季度保险公司资金运用情况表,,,监管统计数据,国家金融监督管理总局,,,保险资金运用,资金运用情况表,,unknown,,,,,
55,stat_table;missing_source;unknown_version,source_url;attachment_url;source_site;publish_date;version_status;version_group;effective_date,excel,.xls,nfra_018,,018_2025年银行业总资产、总负债（月度）_2025年银行业总资产、总负债（月度）.xls,2025年银行业总资产、总负债（月度）,,,监管统计数据,国家金融监督管理总局,,,监管统计,银行业总资产,,unknown,,,,,
55,stat_table;missing_source;unknown_version,source_url;attachment_url;source_site;publish_date;version_status;version_group;effective_date,excel,.xls,nfra_019,,019_2025年12月全国各地区原保险保费收入情况表_2025年12月全国各地区原保险保费收入情况表.xls,2025年12月全国各地区原保险保费收入情况表,,,监管统计数据,国家金融监督管理总局,,,监管统计,全国各地区原保险保费收入,,unknown,,,,,
55,stat_table;missing_source;unknown_version,source_url;attachment_url;source_site;publish_date;version_status;version_group;effective_date,excel,.xls,nfra_020,,020_2025年12月人身险公司经营情况表_2025年12月人身险公司经营情况表.xls,2025年12月人身险公司经营情况表,,,监管统计数据,国家金融监督管理总局,,,保险经营统计,人身险公司经营情况表,,unknown,,,,,
55,stat_table;missing_source;unknown_version,source_url;attachment_url;source_site;publish_date;version_status;version_group;effective_date,excel,.xls,nfra_021,,021_2025年12月财产保险公司经营情况表_2025年12月财产险公司经营情况表.xls,2025年12月财产险公司经营情况表,,,监管统计数据,国家金融监督管理总局,,,保险经营统计,财产险公司经营情况表,,unknown,,,,,
55,stat_table;missing_source;unknown_version,source_url;attachment_url;source_site;publish_date;version_status;version_group;effective_date,excel,.xls,nfra_022,,022_2025年12月保险业经营情况表_2025年12月保险业经营情况表.xls,2025年12月保险业经营情况表,,,监管统计数据,国家金融监督管理总局,,,保险经营统计,保险业经营情况表,,unknown,,,,,
55,stat_table;missing_source;unknown_version,source_url;attachment_url;source_site;publish_date;version_status;version_group;effective_date,excel,.xls,nfra_023,,023_2025年11月全国各地区原保险保费收入情况表_2025年11月全国各地区原保险保费收入情况表.xls,2025年11月全国各地区原保险保费收入情况表,,,监管统计数据,国家金融监督管理总局,,,监管统计,全国各地区原保险保费收入,,unknown,,,,,
55,stat_table;missing_source;unknown_version,source_url;attachment_url;source_site;publish_date;version_status;version_group;effective_date,excel,.xls,nfra_024,,024_2025年11月人身险公司经营情况表_2025年11月人身险公司经营情况表.xls,2025年11月人身险公司经营情况表,,,监管统计数据,国家金融监督管理总局,,,保险经营统计,人身险公司经营情况表,,unknown,,,,,
55,stat_table;missing_source;unknown_version,source_url;attachment_url;source_site;publish_date;version_status;version_group;effective_date,excel,.xls,nfra_025,,025_2025年11月财产保险公司经营情况表_2025年11月财产险公司经营情况表.xls,2025年11月财产险公司经营情况表,,,监管统计数据,国家金融监督管理总局,,,保险经营统计,财产险公司经营情况表,,unknown,,,,,
55,stat_table;missing_source;unknown_version,source_url;attachment_url;source_site;publish_date;version_status;version_group;effective_date,excel,.xls,nfra_026,,026_2025年11月保险业经营情况表_2025年11月保险业经营情况表.xls,2025年11月保险业经营情况表,,,监管统计数据,国家金融监督管理总局,,,保险经营统计,保险业经营情况表,,unknown,,,,,
55,stat_table;missing_source;unknown_version,source_url;attachment_url;source_site;publish_date;version_status;version_group;effective_date,excel,.xls,nfra_027,,027_2025年10月全国各地区原保险保费收入情况表_2025年10月全国各地区原保险保费收入情况表.xls,2025年10月全国各地区原保险保费收入情况表,,,监管统计数据,国家金融监督管理总局,,,监管统计,全国各地区原保险保费收入,,unknown,,,,,
55,stat_table;missing_source;unknown_version,source_url;attachment_url;source_site;publish_date;version_status;version_group;effective_date,excel,.xls,nfra_028,,028_2025年10月人身险公司经营情况表_2025年10月人身险公司经营情况表.xls,2025年10月人身险公司经营情况表,,,监管统计数据,国家金融监督管理总局,,,保险经营统计,人身险公司经营情况表,,unknown,,,,,
55,stat_table;missing_source;unknown_version,source_url;attachment_url;source_site;publish_date;version_status;version_group;effective_date,excel,.xls,nfra_029,,029_2025年10月财产保险公司经营情况表_2025年10月财产险公司经营情况表.xls,2025年10月财产险公司经营情况表,,,监管统计数据,国家金融监督管理总局,,,保险经营统计,财产险公司经营情况表,,unknown,,,,,
55,stat_table;missing_source;unknown_version,source_url;attachment_url;source_site;publish_date;version_status;version_group;effective_date,excel,.xls,nfra_030,,030_2025年10月保险业经营情况表_2025年10月保险业经营情况表.xls,2025年10月保险业经营情况表,,,监管统计数据,国家金融监督管理总局,,,保险经营统计,保险业经营情况表,,unknown,,,,,
55,stat_table;missing_source;unknown_version,source_url;attachment_url;source_site;publish_date;version_status;version_group;effective_date,excel,.xls,nfra_031,,031_2025年三季度保险公司资金运用情况表_2025年三季度保险公司资金运用情况表.xls,2025年三季度保险公司资金运用情况表,,,监管统计数据,国家金融监督管理总局,,,保险资金运用,资金运用情况表,,unknown,,,,,
55,stat_table;missing_source;unknown_version,source_url;attachment_url;source_site;publish_date;version_status;version_group;effective_date,excel,.xlsx,nfra_032,,032_2025年9月全国各地区原保险保费收入情况表_2025年9月全国各地区原保险保费收入情况表.xlsx,2025年9月全国各地区原保险保费收入情况表,,,监管统计数据,国家金融监督管理总局,,,监管统计,全国各地区原保险保费收入,,unknown,,,,,
55,stat_table;missing_source;unknown_version,source_url;attachment_url;source_site;publish_date;version_status;version_group;effective_date,excel,.xlsx,nfra_033,,033_2025年9月人身险公司经营情况表_2025年9月人身险公司经营情况表.xlsx,2025年9月人身险公司经营情况表,,,监管统计数据,国家金融监督管理总局,,,保险经营统计,人身险公司经营情况表,,unknown,,,,,
55,stat_table;missing_source;unknown_version,source_url;attachment_url;source_site;publish_date;version_status;version_group;effective_date,excel,.xlsx,nfra_034,,034_2025年9月财产保险公司经营情况表_2025年9月财产险公司经营情况表.xlsx,2025年9月财产险公司经营情况表,,,监管统计数据,国家金融监督管理总局,,,保险经营统计,财产险公司经营情况表,,unknown,,,,,
55,stat_table;missing_source;unknown_version,source_url;attachment_url;source_site;publish_date;version_status;version_group;effective_date,excel,.xlsx,nfra_035,,035_2025年9月保险业经营情况表_2025年9月保险业经营情况表.xlsx,2025年9月保险业经营情况表,,,监管统计数据,国家金融监督管理总局,,,保险经营统计,保险业经营情况表,,unknown,,,,,
55,stat_table;missing_source;unknown_version,source_url;attachment_url;source_site;publish_date;version_status;version_group;effective_date,excel,.xls,nfra_036,,036_2025年8月全国各地区原保险保费收入情况表_2025年8月全国各地区原保险保费收入情况表.xls,2025年8月全国各地区原保险保费收入情况表,,,监管统计数据,国家金融监督管理总局,,,监管统计,全国各地区原保险保费收入,,unknown,,,,,
55,stat_table;missing_source;unknown_version,source_url;attachment_url;source_site;publish_date;version_status;version_group;effective_date,excel,.xls,nfra_037,,037_2025年8月人身险公司经营情况表_2025年8月人身险公司经营情况表.xls,2025年8月人身险公司经营情况表,,,监管统计数据,国家金融监督管理总局,,,保险经营统计,人身险公司经营情况表,,unknown,,,,,
55,stat_table;missing_source;unknown_version,source_url;attachment_url;source_site;publish_date;version_status;version_group;effective_date,excel,.xls,nfra_038,,038_2025年8月财产保险公司经营情况表_2025年8月财产险公司经营情况表.xls,2025年8月财产险公司经营情况表,,,监管统计数据,国家金融监督管理总局,,,保险经营统计,财产险公司经营情况表,,unknown,,,,,
55,stat_table;missing_source;unknown_version,source_url;attachment_url;source_site;publish_date;version_status;version_group;effective_date,excel,.xls,nfra_039,,039_2025年8月保险业经营情况表_2025年8月保险业经营情况表.xls,2025年8月保险业经营情况表,,,监管统计数据,国家金融监督管理总局,,,保险经营统计,保险业经营情况表,,unknown,,,,,
55,stat_table;missing_source;unknown_version,source_url;attachment_url;source_site;publish_date;version_status;version_group;effective_date,excel,.xls,nfra_040,,040_2025年7月全国各地区原保险保费收入情况表_2025年7月全国各地区原保险保费收入情况表.xls,2025年7月全国各地区原保险保费收入情况表,,,监管统计数据,国家金融监督管理总局,,,监管统计,全国各地区原保险保费收入,,unknown,,,,,
55,stat_table;missing_source;unknown_version,source_url;attachment_url;source_site;publish_date;version_status;version_group;effective_date,excel,.xls,nfra_041,,041_2025年7月人身险公司经营情况表_2025年7月人身险公司经营情况表.xls,2025年7月人身险公司经营情况表,,,监管统计数据,国家金融监督管理总局,,,保险经营统计,人身险公司经营情况表,,unknown,,,,,
55,stat_table;missing_source;unknown_version,source_url;attachment_url;source_site;publish_date;version_status;version_group;effective_date,excel,.xls,nfra_042,,042_2025年7月财产保险公司经营情况表_2025年7月财产险公司经营情况表.xls,2025年7月财产险公司经营情况表,,,监管统计数据,国家金融监督管理总局,,,保险经营统计,财产险公司经营情况表,,unknown,,,,,
55,stat_table;missing_source;unknown_version,source_url;attachment_url;source_site;publish_date;version_status;version_group;effective_date,excel,.xls,nfra_043,,043_2025年7月保险业经营情况表_2025年7月保险业经营情况表.xls,2025年7月保险业经营情况表,,,监管统计数据,国家金融监督管理总局,,,保险经营统计,保险业经营情况表,,unknown,,,,,
55,stat_table;missing_source;unknown_version,source_url;attachment_url;source_site;publish_date;version_status;version_group;effective_date,excel,.xls,nfra_044,,044_2025年二季度保险公司资金运用情况表_2025年二季度保险公司资金运用情况表.xls,2025年二季度保险公司资金运用情况表,,,监管统计数据,国家金融监督管理总局,,,保险资金运用,资金运用情况表,,unknown,,,,,
55,stat_table;missing_source;unknown_version,source_url;attachment_url;source_site;publish_date;version_status;version_group;effective_date,excel,.xls,nfra_045,,045_2025年6月财产保险公司经营情况表_2025年6月财产险公司经营情况表.xls,2025年6月财产险公司经营情况表,,,监管统计数据,国家金融监督管理总局,,,保险经营统计,财产险公司经营情况表,,unknown,,,,,
55,stat_table;missing_source;unknown_version,source_url;attachment_url;source_site;publish_date;version_status;version_group;effective_date,excel,.xls,nfra_046,,046_2025年6月保险业经营情况表_2025年6月保险业经营情况表.xls,2025年6月保险业经营情况表,,,监管统计数据,国家金融监督管理总局,,,保险经营统计,保险业经营情况表,,unknown,,,,,
55,stat_table;missing_source;unknown_version,source_url;attachment_url;source_site;publish_date;version_status;version_group;effective_date,excel,.xls,nfra_047,,047_2025年5月全国各地区原保险保费收入情况表_2025年5月全国各地区原保险保费收入情况表.xls,2025年5月全国各地区原保险保费收入情况表,,,监管统计数据,国家金融监督管理总局,,,监管统计,全国各地区原保险保费收入,,unknown,,,,,
55,stat_table;missing_source;unknown_version,source_url;attachment_url;source_site;publish_date;version_status;version_group;effective_date,excel,.xls,nfra_048,,048_2025年5月人身险公司经营情况表_2025年5月人身险公司经营情况表.xls,2025年5月人身险公司经营情况表,,,监管统计数据,国家金融监督管理总局,,,保险经营统计,人身险公司经营情况表,,unknown,,,,,
55,stat_table;missing_source;unknown_version,source_url;attachment_url;source_site;publish_date;version_status;version_group;effective_date,excel,.xls,nfra_049,,049_2025年5月财产保险公司经营情况表_2025年5月财产险公司经营情况表.xls,2025年5月财产险公司经营情况表,,,监管统计数据,国家金融监督管理总局,,,保险经营统计,财产险公司经营情况表,,unknown,,,,,
55,stat_table;missing_source;unknown_version,source_url;attachment_url;source_site;publish_date;version_status;version_group;effective_date,excel,.xls,nfra_050,,050_2025年5月保险业经营情况表_2025年5月保险业经营情况表.xls,2025年5月保险业经营情况表,,,监管统计数据,国家金融监督管理总局,,,保险经营统计,保险业经营情况表,,unknown,,,,,
55,stat_table;missing_source;unknown_version,source_url;attachment_url;source_site;publish_date;version_status;version_group;effective_date,excel,.xls,nfra_051,,051_2025年4月全国各地区原保险保费收入情况表_2025年4月全国各地区原保险保费收入情况表.xls,2025年4月全国各地区原保险保费收入情况表,,,监管统计数据,国家金融监督管理总局,,,监管统计,全国各地区原保险保费收入,,unknown,,,,,
55,stat_table;missing_source;unknown_version,source_url;attachment_url;source_site;publish_date;version_status;version_group;effective_date,excel,.xls,nfra_052,,052_2025年4月人身险公司经营情况表_2025年4月人身险公司经营情况表.xls,2025年4月人身险公司经营情况表,,,监管统计数据,国家金融监督管理总局,,,保险经营统计,人身险公司经营情况表,,unknown,,,,,
55,stat_table;missing_source;unknown_version,source_url;attachment_url;source_site;publish_date;version_status;version_group;effective_date,excel,.xls,nfra_053,,053_2025年4月财产保险公司经营情况表_2025年4月财产险公司经营情况表.xls,2025年4月财产险公司经营情况表,,,监管统计数据,国家金融监督管理总局,,,保险经营统计,财产险公司经营情况表,,unknown,,,,,
55,stat_table;missing_source;unknown_version,source_url;attachment_url;source_site;publish_date;version_status;version_group;effective_date,excel,.xls,nfra_054,,054_2025年4月保险业经营情况表_2025年4月保险业经营情况表.xls,2025年4月保险业经营情况表,,,监管统计数据,国家金融监督管理总局,,,保险经营统计,保险业经营情况表,,unknown,,,,,
55,stat_table;missing_source;unknown_version,source_url;attachment_url;source_site;publish_date;version_status;version_group;effective_date,excel,.xls,nfra_055,,055_2025年一季度保险公司资金运用情况表_2025年一季度保险公司资金运用情况表.xls,2025年一季度保险公司资金运用情况表,,,监管统计数据,国家金融监督管理总局,,,保险资金运用,资金运用情况表,,unknown,,,,,
55,stat_table;missing_source;unknown_version,source_url;attachment_url;source_site;publish_date;version_status;version_group;effective_date,excel,.xlsx,nfra_056,,056_2025年3月全国各地区原保险保费收入情况表_2025年3月全国各地区原保险保费收入情况表.xlsx,2025年3月全国各地区原保险保费收入情况表,,,监管统计数据,国家金融监督管理总局,,,监管统计,全国各地区原保险保费收入,,unknown,,,,,
55,stat_table;missing_source;unknown_version,source_url;attachment_url;source_site;publish_date;version_status;version_group;effective_date,excel,.xlsx,nfra_057,,057_2025年3月人身险公司经营情况表_2025年3月人身险公司经营情况表.xlsx,2025年3月人身险公司经营情况表,,,监管统计数据,国家金融监督管理总局,,,保险经营统计,人身险公司经营情况表,,unknown,,,,,
55,stat_table;missing_source;unknown_version,source_url;attachment_url;source_site;publish_date;version_status;version_group;effective_date,excel,.xlsx,nfra_058,,058_2025年3月财产保险公司经营情况表_2025年3月财产险公司经营情况表.xlsx,2025年3月财产险公司经营情况表,,,监管统计数据,国家金融监督管理总局,,,保险经营统计,财产险公司经营情况表,,unknown,,,,,
55,stat_table;missing_source;unknown_version,source_url;attachment_url;source_site;publish_date;version_status;version_group;effective_date,excel,.xlsx,nfra_059,,059_2025年3月保险业经营情况表_2025年3月保险业经营情况表.xlsx,2025年3月保险业经营情况表,,,监管统计数据,国家金融监督管理总局,,,保险经营统计,保险业经营情况表,,unknown,,,,,
55,stat_table;missing_source;unknown_version,source_url;attachment_url;source_site;publish_date;version_status;version_group;effective_date,excel,.xls,nfra_060,,060_2025年2月全国各地区原保险保费收入情况表_2025年2月全国各地区原保险保费收入情况表.xls,2025年2月全国各地区原保险保费收入情况表,,,监管统计数据,国家金融监督管理总局,,,监管统计,全国各地区原保险保费收入,,unknown,,,,,
55,stat_table;missing_source;unknown_version,source_url;attachment_url;source_site;publish_date;version_status;version_group;effective_date,excel,.xls,nfra_061,,061_2025年2月人身险公司经营情况表_2025年2月人身险公司经营情况表.xls,2025年2月人身险公司经营情况表,,,监管统计数据,国家金融监督管理总局,,,保险经营统计,人身险公司经营情况表,,unknown,,,,,
55,stat_table;missing_source;unknown_version,source_url;attachment_url;source_site;publish_date;version_status;version_group;effective_date,excel,.xls,nfra_062,,062_2025年2月财产保险公司经营情况表_2025年2月财产险公司经营情况表.xls,2025年2月财产险公司经营情况表,,,监管统计数据,国家金融监督管理总局,,,保险经营统计,财产险公司经营情况表,,unknown,,,,,
55,stat_table;missing_source;unknown_version,source_url;attachment_url;source_site;publish_date;version_status;version_group;effective_date,excel,.xls,nfra_063,,063_2025年2月保险业经营情况表_2025年2月保险业经营情况表.xls,2025年2月保险业经营情况表,,,监管统计数据,国家金融监督管理总局,,,保险经营统计,保险业经营情况表,,unknown,,,,,
55,stat_table;missing_source;unknown_version,source_url;attachment_url;source_site;publish_date;version_status;version_group;effective_date,excel,.xls,nfra_064,,064_2025年1月全国各地区原保险保费收入情况表_2025年1月全国各地区原保险保费收入情况表.xls,2025年1月全国各地区原保险保费收入情况表,,,监管统计数据,国家金融监督管理总局,,,监管统计,全国各地区原保险保费收入,,unknown,,,,,
55,stat_table;missing_source;unknown_version,source_url;attachment_url;source_site;publish_date;version_status;version_group;effective_date,excel,.xls,nfra_065,,065_2025年1月人身险公司经营情况表_2025年1月人身险公司经营情况表.xls,2025年1月人身险公司经营情况表,,,监管统计数据,国家金融监督管理总局,,,保险经营统计,人身险公司经营情况表,,unknown,,,,,
55,stat_table;missing_source;unknown_version,source_url;attachment_url;source_site;publish_date;version_status;version_group;effective_date,excel,.xls,nfra_066,,066_2025年1月财产保险公司经营情况表_2025年1月财产险公司经营情况表.xls,2025年1月财产险公司经营情况表,,,监管统计数据,国家金融监督管理总局,,,保险经营统计,财产险公司经营情况表,,unknown,,,,,
55,stat_table;missing_source;unknown_version,source_url;attachment_url;source_site;publish_date;version_status;version_group;effective_date,excel,.xls,nfra_067,,067_2025年1月保险业经营情况表_2025年1月保险业经营情况表.xls,2025年1月保险业经营情况表,,,监管统计数据,国家金融监督管理总局,,,保险经营统计,保险业经营情况表,,unknown,,,,,
55,stat_table;missing_source;unknown_version,source_url;attachment_url;source_site;publish_date;version_status;version_group;effective_date,excel,.xls,nfra_068,,068_2025年国家金融监督管理总局监管统计信息发布日程表_2025年国家金融监督管理总局监管统计信息发布日程表.xls,2025年国家金融监督管理总局监管统计信息发布日程表,,,监管统计数据,国家金融监督管理总局,,,监管统计,监管统计信息发布日程,,unknown,,,,,
55,stat_table;missing_source;unknown_version,source_url;attachment_url;source_site;publish_date;version_status;version_group;effective_date,excel,.xls,nfra_069,,069_2024年银行业总资产、总负债（季度）_2024年银行业总资产、总负债(季度).xls,2024年银行业总资产、总负债(季度),,,监管统计数据,国家金融监督管理总局,,,监管统计,银行业总资产,,unknown,,,,,
55,stat_table;missing_source;unknown_version,source_url;attachment_url;source_site;publish_date;version_status;version_group;effective_date,excel,.xls,nfra_071,,071_2024年商业银行主要指标分机构类情况表（季度）_2024年商业银行主要指标分机构类情况表.xls,2024年商业银行主要指标分机构类情况表,,,监管统计数据,国家金融监督管理总局,,,监管统计,商业银行主要指标分机构类,,unknown,,,,,
55,stat_table;missing_source;unknown_version,source_url;attachment_url;source_site;publish_date;version_status;version_group;effective_date,excel,.xls,nfra_072,,072_2024年银行业金融机构普惠型小微企业贷款情况（季度）_2024年银行业金融机构普惠型小微企业贷款情况表.xls,2024年银行业金融机构普惠型小微企业贷款情况表,,,监管统计数据,国家金融监督管理总局,,,监管统计,普惠型小微企业贷款,,unknown,,,,,
55,stat_table;missing_source;unknown_version,source_url;attachment_url;source_site;publish_date;version_status;version_group;effective_date,excel,.xls,nfra_073,,073_2024年4季度保险业资金运用情况表_2024年4季度保险业资金运用情况表.xls,2024年4季度保险业资金运用情况表,,,监管统计数据,国家金融监督管理总局,,,保险资金运用,资金运用情况表,,unknown,,,,,
55,stat_table;missing_source;unknown_version,source_url;attachment_url;source_site;publish_date;version_status;version_group;effective_date,excel,.xls,nfra_074,,074_2024年保险业偿付能力状况表(季度)_2024年保险业偿付能力状况表.xls,2024年保险业偿付能力状况表,,,监管统计数据,国家金融监督管理总局,,,监管统计,偿付能力状况表,,unknown,,,,,
55,stat_table;missing_source;unknown_version,source_url;attachment_url;source_site;publish_date;version_status;version_group;effective_date,excel,.xls,nfra_075,,075_2024年银行业总资产、总负债（月度）_2024年银行业总资产、总负债（月度）.xls,2024年银行业总资产、总负债（月度）,,,监管统计数据,国家金融监督管理总局,,,监管统计,银行业总资产,,unknown,,,,,
55,stat_table;missing_source;unknown_version,source_url;attachment_url;source_site;publish_date;version_status;version_group;effective_date,excel,.xls,nfra_076,,076_2024年12月全国各地区原保险保费收入情况表_2024年12月全国各地区原保险保费收入情况表.xls,2024年12月全国各地区原保险保费收入情况表,,,监管统计数据,国家金融监督管理总局,,,监管统计,全国各地区原保险保费收入,,unknown,,,,,
55,stat_table;missing_source;unknown_version,source_url;attachment_url;source_site;publish_date;version_status;version_group;effective_date,excel,.xls,nfra_077,,077_2024年12月人身险公司经营情况表_2024年12月人身险公司经营情况表.xls,2024年12月人身险公司经营情况表,,,监管统计数据,国家金融监督管理总局,,,保险经营统计,人身险公司经营情况表,,unknown,,,,,
55,stat_table;missing_source;unknown_version,source_url;attachment_url;source_site;publish_date;version_status;version_group;effective_date,excel,.xls,nfra_078,,078_2024年12月财产保险公司经营情况表_2024年12月财产险公司经营情况表.xls,2024年12月财产险公司经营情况表,,,监管统计数据,国家金融监督管理总局,,,保险经营统计,财产险公司经营情况表,,unknown,,,,,
55,stat_table;missing_source;unknown_version,source_url;attachment_url;source_site;publish_date;version_status;version_group;effective_date,excel,.xls,nfra_079,,079_2024年12月保险业经营情况表_2024年12月保险业经营情况表.xls,2024年12月保险业经营情况表,,,监管统计数据,国家金融监督管理总局,,,保险经营统计,保险业经营情况表,,unknown,,,,,
55,stat_table;missing_source;unknown_version,source_url;attachment_url;source_site;publish_date;version_status;version_group;effective_date,excel,.xls,nfra_080,,080_2024年11月全国各地区原保险保费收入情况表_2024年11月全国各地区原保险保费收入情况表.xls,2024年11月全国各地区原保险保费收入情况表,,,监管统计数据,国家金融监督管理总局,,,监管统计,全国各地区原保险保费收入,,unknown,,,,,
55,stat_table;missing_source;unknown_version,source_url;attachment_url;source_site;publish_date;version_status;version_group;effective_date,excel,.xls,nfra_081,,081_2024年11月人身险公司经营情况表_2024年11月人身险公司经营情况表.xls,2024年11月人身险公司经营情况表,,,监管统计数据,国家金融监督管理总局,,,保险经营统计,人身险公司经营情况表,,unknown,,,,,
55,stat_table;missing_source;unknown_version,source_url;attachment_url;source_site;publish_date;version_status;version_group;effective_date,excel,.xls,nfra_082,,082_2024年11月财产保险公司经营情况表_2024年11月财产险公司经营情况表.xls,2024年11月财产险公司经营情况表,,,监管统计数据,国家金融监督管理总局,,,保险经营统计,财产险公司经营情况表,,unknown,,,,,
55,stat_table;missing_source;unknown_version,source_url;attachment_url;source_site;publish_date;version_status;version_group;effective_date,excel,.xls,nfra_083,,083_2024年11月保险业经营情况表_2024年11月保险业经营情况表.xls,2024年11月保险业经营情况表,,,监管统计数据,国家金融监督管理总局,,,保险经营统计,保险业经营情况表,,unknown,,,,,
55,stat_table;missing_source;unknown_version,source_url;attachment_url;source_site;publish_date;version_status;version_group;effective_date,excel,.xls,nfra_084,,084_2024年10月全国各地区原保险保费收入情况表_2024年10月全国各地区原保险保费收入情况表.xls,2024年10月全国各地区原保险保费收入情况表,,,监管统计数据,国家金融监督管理总局,,,监管统计,全国各地区原保险保费收入,,unknown,,,,,
55,stat_table;missing_source;unknown_version,source_url;attachment_url;source_site;publish_date;version_status;version_group;effective_date,excel,.xls,nfra_085,,085_2024年10月人身险公司经营情况表_2024年10月人身险公司经营情况表.xls,2024年10月人身险公司经营情况表,,,监管统计数据,国家金融监督管理总局,,,保险经营统计,人身险公司经营情况表,,unknown,,,,,
55,stat_table;missing_source;unknown_version,source_url;attachment_url;source_site;publish_date;version_status;version_group;effective_date,excel,.xls,nfra_086,,086_2024年10月财产保险公司经营情况表_2024年10月财产险公司经营情况表.xls,2024年10月财产险公司经营情况表,,,监管统计数据,国家金融监督管理总局,,,保险经营统计,财产险公司经营情况表,,unknown,,,,,
55,stat_table;missing_source;unknown_version,source_url;attachment_url;source_site;publish_date;version_status;version_group;effective_date,excel,.xls,nfra_087,,087_2024年10月保险业经营情况表_2024年10月保险业经营情况表.xls,2024年10月保险业经营情况表,,,监管统计数据,国家金融监督管理总局,,,保险经营统计,保险业经营情况表,,unknown,,,,,
55,stat_table;missing_source;unknown_version,source_url;attachment_url;source_site;publish_date;version_status;version_group;effective_date,excel,.xls,nfra_088,,088_2024年3季度保险业资金运用情况表_2024年三季度保险业资金运用情况表.xls,2024年三季度保险业资金运用情况表,,,监管统计数据,国家金融监督管理总局,,,保险资金运用,资金运用情况表,,unknown,,,,,
55,stat_table;missing_source;unknown_version,source_url;attachment_url;source_site;publish_date;version_status;version_group;effective_date,excel,.xlsx,nfra_089,,089_2024年9月全国各地区原保险保费收入情况表_2024年9月全国各地区原保险保费收入情况表.xlsx,2024年9月全国各地区原保险保费收入情况表,,,监管统计数据,国家金融监督管理总局,,,监管统计,全国各地区原保险保费收入,,unknown,,,,,
55,stat_table;missing_source;unknown_version,source_url;attachment_url;source_site;publish_date;version_status;version_group;effective_date,excel,.xlsx,nfra_090,,090_2024年9月人身险公司经营情况表_2024年9月人身险公司经营情况表.xlsx,2024年9月人身险公司经营情况表,,,监管统计数据,国家金融监督管理总局,,,保险经营统计,人身险公司经营情况表,,unknown,,,,,
55,stat_table;missing_source;unknown_version,source_url;attachment_url;source_site;publish_date;version_status;version_group;effective_date,excel,.xlsx,nfra_091,,091_2024年9月财产保险公司经营情况表_2024年9月财产险公司经营情况表.xlsx,2024年9月财产险公司经营情况表,,,监管统计数据,国家金融监督管理总局,,,保险经营统计,财产险公司经营情况表,,unknown,,,,,
55,stat_table;missing_source;unknown_version,source_url;attachment_url;source_site;publish_date;version_status;version_group;effective_date,excel,.xlsx,nfra_092,,092_2024年9月保险业经营情况表_2024年9月保险业经营情况表.xlsx,2024年9月保险业经营情况表,,,监管统计数据,国家金融监督管理总局,,,保险经营统计,保险业经营情况表,,unknown,,,,,
55,stat_table;missing_source;unknown_version,source_url;attachment_url;source_site;publish_date;version_status;version_group;effective_date,excel,.xls,nfra_093,,093_2024年8月全国各地区原保险保费收入情况表_2024年8月全国地区原保险保费收入情况表.xls,2024年8月全国地区原保险保费收入情况表,,,监管统计数据,,,,监管统计,保费收入,,unknown,,,,,
55,stat_table;missing_source;unknown_version,source_url;attachment_url;source_site;publish_date;version_status;version_group;effective_date,excel,.xls,nfra_094,,094_2024年8月人身险公司经营情况表_2024年8月人身险经营情况表.xls,2024年8月人身险经营情况表,,,监管统计数据,,,,保险经营统计,人身险公司经营情况表,,unknown,,,,,
55,stat_table;missing_source;unknown_version,source_url;attachment_url;source_site;publish_date;version_status;version_group;effective_date,excel,.xls,nfra_095,,095_2024年8月财产保险公司经营情况表_2024年8月财产险经营情况表.xls,2024年8月财产险经营情况表,,,监管统计数据,,,,保险经营统计,财产保险公司经营情况表,,unknown,,,,,
55,stat_table;missing_source;unknown_version,source_url;attachment_url;source_site;publish_date;version_status;version_group;effective_date,excel,.xls,nfra_096,,096_2024年8月保险业经营情况表_2024年8月保险业经营情况表.xls,2024年8月保险业经营情况表,,,监管统计数据,国家金融监督管理总局,,,保险经营统计,保险业经营情况表,,unknown,,,,,
55,stat_table;missing_source;unknown_version,source_url;attachment_url;source_site;publish_date;version_status;version_group;effective_date,excel,.xls,nfra_097,,097_2024年7月全国各地区原保险保费收入情况表_2024年7月全国各地区保费收入情况表.xls,2024年7月全国各地区保费收入情况表,,,监管统计数据,,,,监管统计,保费收入,,unknown,,,,,
55,stat_table;missing_source;unknown_version,source_url;attachment_url;source_site;publish_date;version_status;version_group;effective_date,excel,.xls,nfra_098,,098_2024年7月人身险公司经营情况表_2024年7月人身险公司经营情况表.xls,2024年7月人身险公司经营情况表,,,监管统计数据,国家金融监督管理总局,,,保险经营统计,人身险公司经营情况表,,unknown,,,,,
55,stat_table;missing_source;unknown_version,source_url;attachment_url;source_site;publish_date;version_status;version_group;effective_date,excel,.xls,nfra_099,,099_2024年7月财产保险公司经营情况表_2024年7月财产险公司经营情况表.xls,2024年7月财产险公司经营情况表,,,监管统计数据,国家金融监督管理总局,,,保险经营统计,财产险公司经营情况表,,unknown,,,,,
55,stat_table;missing_source;unknown_version,source_url;attachment_url;source_site;publish_date;version_status;version_group;effective_date,excel,.xls,nfra_100,,100_2024年7月保险业经营情况表_2024年7月保险业经营情况表.xls,2024年7月保险业经营情况表,,,监管统计数据,国家金融监督管理总局,,,保险经营统计,保险业经营情况表,,unknown,,,,,
55,stat_table;missing_source;unknown_version,source_url;attachment_url;source_site;publish_date;version_status;version_group;effective_date,excel,.xls,nfra_101,,101_2024年2季度保险业资金运用情况表_2024年2季度保险业资金运用情况表.xls,2024年2季度保险业资金运用情况表,,,监管统计数据,国家金融监督管理总局,,,保险资金运用,资金运用情况表,,unknown,,,,,
55,stat_table;missing_source;unknown_version,source_url;attachment_url;source_site;publish_date;version_status;version_group;effective_date,excel,.xls,nfra_102,,102_2024年6月全国各地区原保险保费收入情况表_2024年6月全国各地区原保险保费收入情况表.xls,2024年6月全国各地区原保险保费收入情况表,,,监管统计数据,国家金融监督管理总局,,,监管统计,全国各地区原保险保费收入,,unknown,,,,,
55,stat_table;missing_source;unknown_version,source_url;attachment_url;source_site;publish_date;version_status;version_group;effective_date,excel,.xls,nfra_103,,103_2024年6月人身险公司经营情况表_2024年6月人身险公司经营情况表.xls,2024年6月人身险公司经营情况表,,,监管统计数据,国家金融监督管理总局,,,保险经营统计,人身险公司经营情况表,,unknown,,,,,
55,stat_table;missing_source;unknown_version,source_url;attachment_url;source_site;publish_date;version_status;version_group;effective_date,excel,.xls,nfra_104,,104_2024年6月财产保险公司经营情况表_2024年6月财产险公司经营情况表.xls,2024年6月财产险公司经营情况表,,,监管统计数据,国家金融监督管理总局,,,保险经营统计,财产险公司经营情况表,,unknown,,,,,
55,stat_table;missing_source;unknown_version,source_url;attachment_url;source_site;publish_date;version_status;version_group;effective_date,excel,.xls,nfra_105,,105_2024年6月保险业经营情况表_2024年6月保险业经营情况表.xls,2024年6月保险业经营情况表,,,监管统计数据,国家金融监督管理总局,,,保险经营统计,保险业经营情况表,,unknown,,,,,
55,stat_table;missing_source;unknown_version,source_url;attachment_url;source_site;publish_date;version_status;version_group;effective_date,excel,.xls,nfra_106,,106_2024年5月全国各地区原保险保费收入情况表_2024年5月全国各地区原保险保费收入情况表.xls,2024年5月全国各地区原保险保费收入情况表,,,监管统计数据,国家金融监督管理总局,,,监管统计,全国各地区原保险保费收入,,unknown,,,,,
55,stat_table;missing_source;unknown_version,source_url;attachment_url;source_site;publish_date;version_status;version_group;effective_date,excel,.xls,nfra_107,,107_2024年5月人身险公司经营情况表_2024年5月人身险公司经营情况表.xls,2024年5月人身险公司经营情况表,,,监管统计数据,国家金融监督管理总局,,,保险经营统计,人身险公司经营情况表,,unknown,,,,,
55,stat_table;missing_source;unknown_version,source_url;attachment_url;source_site;publish_date;version_status;version_group;effective_date,excel,.xls,nfra_108,,108_2024年5月财产保险公司经营情况表_2024年5月财产险公司经营情况表.xls,2024年5月财产险公司经营情况表,,,监管统计数据,国家金融监督管理总局,,,保险经营统计,财产险公司经营情况表,,unknown,,,,,
55,stat_table;missing_source;unknown_version,source_url;attachment_url;source_site;publish_date;version_status;version_group;effective_date,excel,.xls,nfra_109,,109_2024年5月保险业经营情况表_2024年5月保险业经营情况表.xls,2024年5月保险业经营情况表,,,监管统计数据,国家金融监督管理总局,,,保险经营统计,保险业经营情况表,,unknown,,,,,
55,stat_table;missing_source;unknown_version,source_url;attachment_url;source_site;publish_date;version_status;version_group;effective_date,excel,.xls,nfra_110,,110_2024年1季度保险业资金运用情况表_2024年一季度保险业资金运用情况表.xls,2024年一季度保险业资金运用情况表,,,监管统计数据,国家金融监督管理总局,,,保险资金运用,资金运用情况表,,unknown,,,,,
55,stat_table;missing_source;unknown_version,source_url;attachment_url;source_site;publish_date;version_status;version_group;effective_date,excel,.xls,nfra_111,,111_2024年4月全国各地区原保险保费收入情况表_2024年4月全国各地区原保险保费收入情况表.xls,2024年4月全国各地区原保险保费收入情况表,,,监管统计数据,国家金融监督管理总局,,,监管统计,全国各地区原保险保费收入,,unknown,,,,,
55,stat_table;missing_source;unknown_version,source_url;attachment_url;source_site;publish_date;version_status;version_group;effective_date,excel,.xls,nfra_112,,112_2024年4月人身险公司经营情况表_2024年4月人身险公司经营情况表.xls,2024年4月人身险公司经营情况表,,,监管统计数据,国家金融监督管理总局,,,保险经营统计,人身险公司经营情况表,,unknown,,,,,
55,stat_table;missing_source;unknown_version,source_url;attachment_url;source_site;publish_date;version_status;version_group;effective_date,excel,.xls,nfra_113,,113_2024年4月财产保险公司经营情况表_2024年4月财产险公司经营情况表.xls,2024年4月财产险公司经营情况表,,,监管统计数据,国家金融监督管理总局,,,保险经营统计,财产险公司经营情况表,,unknown,,,,,
55,stat_table;missing_source;unknown_version,source_url;attachment_url;source_site;publish_date;version_status;version_group;effective_date,excel,.xls,nfra_114,,114_2024年4月保险业经营情况表_2024年4月保险业经营情况表.xls,2024年4月保险业经营情况表,,,监管统计数据,国家金融监督管理总局,,,保险经营统计,保险业经营情况表,,unknown,,,,,
55,stat_table;missing_source;unknown_version,source_url;attachment_url;source_site;publish_date;version_status;version_group;effective_date,excel,.xls,nfra_115,,115_2024年3月全国各地区原保险保费收入情况表_2024年3月全国各地区原保险保费收入情况表.xls,2024年3月全国各地区原保险保费收入情况表,,,监管统计数据,国家金融监督管理总局,,,监管统计,全国各地区原保险保费收入,,unknown,,,,,
55,stat_table;missing_source;unknown_version,source_url;attachment_url;source_site;publish_date;version_status;version_group;effective_date,excel,.xls,nfra_116,,116_2024年3月人身险公司经营情况表_2024年3月人身险公司经营情况表.xls,2024年3月人身险公司经营情况表,,,监管统计数据,国家金融监督管理总局,,,保险经营统计,人身险公司经营情况表,,unknown,,,,,
55,stat_table;missing_source;unknown_version,source_url;attachment_url;source_site;publish_date;version_status;version_group;effective_date,excel,.xls,nfra_117,,117_2024年3月财产保险公司经营情况表_2024年3月财产险公司经营情况表.xls,2024年3月财产险公司经营情况表,,,监管统计数据,国家金融监督管理总局,,,保险经营统计,财产险公司经营情况表,,unknown,,,,,
55,stat_table;missing_source;unknown_version,source_url;attachment_url;source_site;publish_date;version_status;version_group;effective_date,excel,.xls,nfra_118,,118_2024年3月保险业经营情况表_2024年3月保险业经营情况表.xls,2024年3月保险业经营情况表,,,监管统计数据,国家金融监督管理总局,,,保险经营统计,保险业经营情况表,,unknown,,,,,
55,stat_table;missing_source;unknown_version,source_url;attachment_url;source_site;publish_date;version_status;version_group;effective_date,excel,.xls,nfra_119,,119_2024年2月全国各地区原保险保费收入情况表_2024年2月全国各地区原保险保费收入情况表.xls,2024年2月全国各地区原保险保费收入情况表,,,监管统计数据,国家金融监督管理总局,,,监管统计,全国各地区原保险保费收入,,unknown,,,,,
55,stat_table;missing_source;unknown_version,source_url;attachment_url;source_site;publish_date;version_status;version_group;effective_date,excel,.xls,nfra_120,,120_2024年2月人身险公司经营情况表_2024年2月人身险公司经营情况表.xls,2024年2月人身险公司经营情况表,,,监管统计数据,国家金融监督管理总局,,,保险经营统计,人身险公司经营情况表,,unknown,,,,,
55,stat_table;missing_source;unknown_version,source_url;attachment_url;source_site;publish_date;version_status;version_group;effective_date,excel,.xls,nfra_121,,121_2024年2月财产保险公司经营情况表_2024年2月财产险公司经营情况表.xls,2024年2月财产险公司经营情况表,,,监管统计数据,国家金融监督管理总局,,,保险经营统计,财产险公司经营情况表,,unknown,,,,,
55,stat_table;missing_source;unknown_version,source_url;attachment_url;source_site;publish_date;version_status;version_group;effective_date,excel,.xls,nfra_122,,122_2024年2月保险业经营情况表_2024年2月保险业经营情况表.xls,2024年2月保险业经营情况表,,,监管统计数据,国家金融监督管理总局,,,保险经营统计,保险业经营情况表,,unknown,,,,,
55,stat_table;missing_source;unknown_version,source_url;attachment_url;source_site;publish_date;version_status;version_group;effective_date,excel,.xls,nfra_123,,123_2024年1月全国各地区原保险保费收入情况表_2024年1月全国各地区原保险保费收入情况表.xls,2024年1月全国各地区原保险保费收入情况表,,,监管统计数据,国家金融监督管理总局,,,监管统计,全国各地区原保险保费收入,,unknown,,,,,
55,stat_table;missing_source;unknown_version,source_url;attachment_url;source_site;publish_date;version_status;version_group;effective_date,excel,.xls,nfra_124,,124_2024年1月人身险公司经营情况表_2024年1月人身险公司经营情况表.xls,2024年1月人身险公司经营情况表,,,监管统计数据,国家金融监督管理总局,,,保险经营统计,人身险公司经营情况表,,unknown,,,,,
55,stat_table;missing_source;unknown_version,source_url;attachment_url;source_site;publish_date;version_status;version_group;effective_date,excel,.xls,nfra_125,,125_2024年1月财产保险公司经营情况表_2024年1月财产险公司经营情况表.xls,2024年1月财产险公司经营情况表,,,监管统计数据,国家金融监督管理总局,,,保险经营统计,财产险公司经营情况表,,unknown,,,,,
55,stat_table;missing_source;unknown_version,source_url;attachment_url;source_site;publish_date;version_status;version_group;effective_date,excel,.xls,nfra_126,,126_2024年1月保险业经营情况表_2024年1月保险业经营情况表.xls,2024年1月保险业经营情况表,,,监管统计数据,国家金融监督管理总局,,,保险经营统计,保险业经营情况表,,unknown,,,,,
55,stat_table;missing_source;unknown_version,source_url;attachment_url;source_site;publish_date;version_status;version_group;effective_date,excel,.xls,nfra_127,,127_2024年国家金融监督管理总局监管统计信息发布日程表_2024年监管统计信息披露日程、机构范围及指标解释.xls,2024年监管统计信息披露日程、机构范围及指标解释,,,监管统计数据,国家金融监督管理总局,,,监管统计,监管统计信息披露日程,,unknown,,,,,
55,stat_table;missing_source;unknown_version,source_url;attachment_url;source_site;publish_date;version_status;version_group;effective_date,excel,.xlsx,nfra_128,,128_2023年银行业总资产、总负债（季度）_银行业金融机构资产负债情况表(季度).xlsx,银行业金融机构资产负债情况表(季度),,,监管统计数据,,,,监管统计,总资产,,unknown,,,,,
55,stat_table;missing_source;unknown_version,source_url;attachment_url;source_site;publish_date;version_status;version_group;effective_date,excel,.xlsx,nfra_129,,129_2023年商业银行主要监管指标情况表（季度）_商业银行主要监管指标情况表(季度)（2023年）.xlsx,商业银行主要监管指标情况表(季度)（2023年）,,,监管统计数据,国家金融监督管理总局,,,监管统计,商业银行主要监管指标,,unknown,,,,,
55,stat_table;missing_source;unknown_version,source_url;attachment_url;source_site;publish_date;version_status;version_group;effective_date,excel,.xlsx,nfra_130,,130_2023年商业银行主要指标分机构类情况表（季度）_商业银行主要指标分机构类情况表(季度)(2023年).xlsx,商业银行主要指标分机构类情况表(季度)(2023年),,,监管统计数据,国家金融监督管理总局,,,监管统计,商业银行主要指标分机构类,,unknown,,,,,
55,stat_table;missing_source;unknown_version,source_url;attachment_url;source_site;publish_date;version_status;version_group;effective_date,excel,.xlsx,nfra_131,,131_2023年银行业金融机构普惠型小微企业贷款情况（季度）_银行业金融机构普惠型小微企业贷款情况表(季度).xlsx,银行业金融机构普惠型小微企业贷款情况表(季度),,,监管统计数据,国家金融监督管理总局,,,监管统计,普惠型小微企业贷款,,unknown,,,,,
55,stat_table;missing_source;unknown_version,source_url;attachment_url;source_site;publish_date;version_status;version_group;effective_date,excel,.xlsx,nfra_132,,132_2023年银行业金融机构保障性安居工程贷款情况表(季度)_银行业金融机构保障性安居工程贷款情况表(季度).xlsx,银行业金融机构保障性安居工程贷款情况表(季度),,,,,,,其他,,,unknown,,,,,
55,stat_table;missing_source;unknown_version,source_url;attachment_url;source_site;publish_date;version_status;version_group;effective_date,excel,.xls,nfra_133,,133_2023年保险业偿付能力状况表(季度)_2023年保险业偿付能力状况表.xls,2023年保险业偿付能力状况表,,,监管统计数据,国家金融监督管理总局,,,监管统计,偿付能力状况表,,unknown,,,,,
55,stat_table;missing_source;unknown_version,source_url;attachment_url;source_site;publish_date;version_status;version_group;effective_date,excel,.xlsx,nfra_134,,134_2023年4季度保险业资金运用情况表_2023年四季度保险业资金运用情况表.xlsx,2023年四季度保险业资金运用情况表,,,监管统计数据,国家金融监督管理总局,,,保险资金运用,资金运用情况表,,unknown,,,,,
55,stat_table;missing_source;unknown_version,source_url;attachment_url;source_site;publish_date;version_status;version_group;effective_date,excel,.xls,nfra_135,,135_2023年银行业总资产、总负债（月度）_2023年银行业总资产、总负债（月度）.xls,2023年银行业总资产、总负债（月度）,,,监管统计数据,国家金融监督管理总局,,,监管统计,银行业总资产,,unknown,,,,,
55,stat_table;missing_source;unknown_version,source_url;attachment_url;source_site;publish_date;version_status;version_group;effective_date,excel,.xlsx,nfra_136,,136_2023年12月全国各地区原保险保费收入情况表_2023年12月全国各地区原保险保费收入情况表.xlsx,2023年12月全国各地区原保险保费收入情况表,,,监管统计数据,国家金融监督管理总局,,,监管统计,全国各地区原保险保费收入,,unknown,,,,,
55,stat_table;missing_source;unknown_version,source_url;attachment_url;source_site;publish_date;version_status;version_group;effective_date,excel,.xlsx,nfra_137,,137_2023年12月人身险公司经营情况表_2023年12月人身险公司经营情况表.xlsx,2023年12月人身险公司经营情况表,,,监管统计数据,国家金融监督管理总局,,,保险经营统计,人身险公司经营情况表,,unknown,,,,,
55,stat_table;missing_source;unknown_version,source_url;attachment_url;source_site;publish_date;version_status;version_group;effective_date,excel,.xlsx,nfra_138,,138_2023年12月财产保险公司经营情况表_2023年12月财产保险公司经营情况表.xlsx,2023年12月财产保险公司经营情况表,,,监管统计数据,国家金融监督管理总局,,,保险经营统计,财产保险公司经营情况表,,unknown,,,,,
55,stat_table;missing_source;unknown_version,source_url;attachment_url;source_site;publish_date;version_status;version_group;effective_date,excel,.xlsx,nfra_139,,139_2023年12月保险业经营情况表_2023年12月保险业经营情况表.xlsx,2023年12月保险业经营情况表,,,监管统计数据,国家金融监督管理总局,,,保险经营统计,保险业经营情况表,,unknown,,,,,
55,stat_table;missing_source;unknown_version,source_url;attachment_url;source_site;publish_date;version_status;version_group;effective_date,excel,.xls,nfra_140,,140_2023年11月全国各地区原保险保费收入情况表_2023年11月全国各地区原保险保费收入情况表.xls,2023年11月全国各地区原保险保费收入情况表,,,监管统计数据,国家金融监督管理总局,,,监管统计,全国各地区原保险保费收入,,unknown,,,,,
55,stat_table;missing_source;unknown_version,source_url;attachment_url;source_site;publish_date;version_status;version_group;effective_date,excel,.xls,nfra_141,,141_2023年11月人身险公司经营情况表_2023年11月人身险公司经营情况表.xls,2023年11月人身险公司经营情况表,,,监管统计数据,国家金融监督管理总局,,,保险经营统计,人身险公司经营情况表,,unknown,,,,,
55,stat_table;missing_source;unknown_version,source_url;attachment_url;source_site;publish_date;version_status;version_group;effective_date,excel,.xls,nfra_142,,142_2023年11月财产保险公司经营情况表_2023年11月财产保险公司经营情况表.xls,2023年11月财产保险公司经营情况表,,,监管统计数据,国家金融监督管理总局,,,保险经营统计,财产保险公司经营情况表,,unknown,,,,,
55,stat_table;missing_source;unknown_version,source_url;attachment_url;source_site;publish_date;version_status;version_group;effective_date,excel,.xls,nfra_143,,143_2023年11月保险业经营情况表_2023年11月保险业经营情况表.xls,2023年11月保险业经营情况表,,,监管统计数据,国家金融监督管理总局,,,保险经营统计,保险业经营情况表,,unknown,,,,,
55,stat_table;missing_source;unknown_version,source_url;attachment_url;source_site;publish_date;version_status;version_group;effective_date,excel,.xlsx,nfra_144,,144_2023年10月全国各地区原保险保费收入情况表_2023年10月全国各地区原保险保费收入情况表.xlsx,2023年10月全国各地区原保险保费收入情况表,,,监管统计数据,国家金融监督管理总局,,,监管统计,全国各地区原保险保费收入,,unknown,,,,,
55,stat_table;missing_source;unknown_version,source_url;attachment_url;source_site;publish_date;version_status;version_group;effective_date,excel,.xlsx,nfra_145,,145_2023年10月人身险公司经营情况表_2023年10月人身险公司经营情况表.xlsx,2023年10月人身险公司经营情况表,,,监管统计数据,国家金融监督管理总局,,,保险经营统计,人身险公司经营情况表,,unknown,,,,,
55,stat_table;missing_source;unknown_version,source_url;attachment_url;source_site;publish_date;version_status;version_group;effective_date,excel,.xlsx,nfra_146,,146_2023年10月财产保险公司经营情况表_2023年10月财产保险公司经营情况表.xlsx,2023年10月财产保险公司经营情况表,,,监管统计数据,国家金融监督管理总局,,,保险经营统计,财产保险公司经营情况表,,unknown,,,,,
55,stat_table;missing_source;unknown_version,source_url;attachment_url;source_site;publish_date;version_status;version_group;effective_date,excel,.xls,nfra_147,,147_2023年10月保险业经营情况表_2023年10月保险业经营情况表.xls,2023年10月保险业经营情况表,,,监管统计数据,国家金融监督管理总局,,,保险经营统计,保险业经营情况表,,unknown,,,,,
55,stat_table;missing_source;unknown_version,source_url;attachment_url;source_site;publish_date;version_status;version_group;effective_date,excel,.xlsx,nfra_148,,148_2023年3季度保险业资金运用情况表_2023年三季度保险业资金运用情况表.xlsx,2023年三季度保险业资金运用情况表,,,监管统计数据,国家金融监督管理总局,,,保险资金运用,资金运用情况表,,unknown,,,,,
55,stat_table;missing_source;unknown_version,source_url;attachment_url;source_site;publish_date;version_status;version_group;effective_date,excel,.xlsx,nfra_149,,149_2023年9月全国各地区原保险保费收入情况表_2023年09月全国各地区原保险保费收入情况表.xlsx,2023年09月全国各地区原保险保费收入情况表,,,监管统计数据,国家金融监督管理总局,,,监管统计,全国各地区原保险保费收入,,unknown,,,,,
55,stat_table;missing_source;unknown_version,source_url;attachment_url;source_site;publish_date;version_status;version_group;effective_date,excel,.xlsx,nfra_150,,150_2023年9月人身险公司经营情况表_2023年09月人身险公司经营情况表.xlsx,2023年09月人身险公司经营情况表,,,监管统计数据,国家金融监督管理总局,,,保险经营统计,人身险公司经营情况表,,unknown,,,,,
55,stat_table;missing_source;unknown_version,source_url;attachment_url;source_site;publish_date;version_status;version_group;effective_date,excel,.xlsx,nfra_151,,151_2023年9月财产保险公司经营情况表_2023年09月财产保险公司经营情况表.xlsx,2023年09月财产保险公司经营情况表,,,监管统计数据,国家金融监督管理总局,,,保险经营统计,财产保险公司经营情况表,,unknown,,,,,
55,stat_table;missing_source;unknown_version,source_url;attachment_url;source_site;publish_date;version_status;version_group;effective_date,excel,.xlsx,nfra_152,,152_2023年9月保险业经营情况表_2023年09月保险业经营情况表.xlsx,2023年09月保险业经营情况表,,,监管统计数据,国家金融监督管理总局,,,保险经营统计,保险业经营情况表,,unknown,,,,,
55,stat_table;missing_source;unknown_version,source_url;attachment_url;source_site;publish_date;version_status;version_group;effective_date,excel,.xlsx,nfra_153,,153_2023年8月全国各地区原保险保费收入情况表_2023年08月全国各地区原保险保费收入情况表.xlsx,2023年08月全国各地区原保险保费收入情况表,,,监管统计数据,国家金融监督管理总局,,,监管统计,全国各地区原保险保费收入,,unknown,,,,,
55,stat_table;missing_source;unknown_version,source_url;attachment_url;source_site;publish_date;version_status;version_group;effective_date,excel,.xlsx,nfra_154,,154_2023年8月人身险公司经营情况表_2023年08月人身险公司经营情况表.xlsx,2023年08月人身险公司经营情况表,,,监管统计数据,国家金融监督管理总局,,,保险经营统计,人身险公司经营情况表,,unknown,,,,,
55,stat_table;missing_source;unknown_version,source_url;attachment_url;source_site;publish_date;version_status;version_group;effective_date,excel,.xlsx,nfra_155,,155_2023年8月财产保险公司经营情况表_2023年08月财产保险公司经营情况表.xlsx,2023年08月财产保险公司经营情况表,,,监管统计数据,国家金融监督管理总局,,,保险经营统计,财产保险公司经营情况表,,unknown,,,,,
55,stat_table;missing_source;unknown_version,source_url;attachment_url;source_site;publish_date;version_status;version_group;effective_date,excel,.xlsx,nfra_156,,156_2023年8月保险业经营情况表_2023年08月保险业经营情况表.xlsx,2023年08月保险业经营情况表,,,监管统计数据,国家金融监督管理总局,,,保险经营统计,保险业经营情况表,,unknown,,,,,
55,stat_table;missing_source;unknown_version,source_url;attachment_url;source_site;publish_date;version_status;version_group;effective_date,excel,.xls,nfra_157,,157_2023年7月全国各地区原保险保费收入情况表_2023年07月全国各地区原保险保费收入情况表.xls,2023年07月全国各地区原保险保费收入情况表,,,监管统计数据,国家金融监督管理总局,,,监管统计,全国各地区原保险保费收入,,unknown,,,,,
55,stat_table;missing_source;unknown_version,source_url;attachment_url;source_site;publish_date;version_status;version_group;effective_date,excel,.xls,nfra_158,,158_2023年7月人身险公司经营情况表_2023年07月人身险公司经营情况表.xls,2023年07月人身险公司经营情况表,,,监管统计数据,国家金融监督管理总局,,,保险经营统计,人身险公司经营情况表,,unknown,,,,,
55,stat_table;missing_source;unknown_version,source_url;attachment_url;source_site;publish_date;version_status;version_group;effective_date,excel,.xls,nfra_159,,159_2023年7月财产保险公司经营情况表_2023年07月财产保险公司经营情况表.xls,2023年07月财产保险公司经营情况表,,,监管统计数据,国家金融监督管理总局,,,保险经营统计,财产保险公司经营情况表,,unknown,,,,,
55,stat_table;missing_source;unknown_version,source_url;attachment_url;source_site;publish_date;version_status;version_group;effective_date,excel,.xls,nfra_160,,160_2023年7月保险业经营情况表_2023年07月保险业经营情况表.xls,2023年07月保险业经营情况表,,,监管统计数据,国家金融监督管理总局,,,保险经营统计,保险业经营情况表,,unknown,,,,,
55,stat_table;missing_source;unknown_version,source_url;attachment_url;source_site;publish_date;version_status;version_group;effective_date,excel,.xlsx,nfra_161,,161_2023年2季度保险业资金运用情况表_2023年二季度保险业资金运用情况表.xlsx,2023年二季度保险业资金运用情况表,,,监管统计数据,国家金融监督管理总局,,,保险资金运用,资金运用情况表,,unknown,,,,,
55,stat_table;missing_source;unknown_version,source_url;attachment_url;source_site;publish_date;version_status;version_group;effective_date,excel,.xlsx,nfra_162,,162_2023年6月全国各地区原保险保费收入情况表_2023年06月全国各地区原保险保费收入情况表.xlsx,2023年06月全国各地区原保险保费收入情况表,,,监管统计数据,国家金融监督管理总局,,,监管统计,全国各地区原保险保费收入,,unknown,,,,,
55,stat_table;missing_source;unknown_version,source_url;attachment_url;source_site;publish_date;version_status;version_group;effective_date,excel,.xlsx,nfra_163,,163_2023年6月人身险公司经营情况表_2023年06月人身险公司经营情况表.xlsx,2023年06月人身险公司经营情况表,,,监管统计数据,国家金融监督管理总局,,,保险经营统计,人身险公司经营情况表,,unknown,,,,,
55,stat_table;missing_source;unknown_version,source_url;attachment_url;source_site;publish_date;version_status;version_group;effective_date,excel,.xlsx,nfra_164,,164_2023年6月财产保险公司经营情况表_2023年06月财产保险公司经营情况表.xlsx,2023年06月财产保险公司经营情况表,,,监管统计数据,国家金融监督管理总局,,,保险经营统计,财产保险公司经营情况表,,unknown,,,,,
55,stat_table;missing_source;unknown_version,source_url;attachment_url;source_site;publish_date;version_status;version_group;effective_date,excel,.xlsx,nfra_165,,165_2023年6月保险业经营情况表_2023年06月保险业经营情况表.xlsx,2023年06月保险业经营情况表,,,监管统计数据,国家金融监督管理总局,,,保险经营统计,保险业经营情况表,,unknown,,,,,
55,stat_table;missing_source;unknown_version,source_url;attachment_url;source_site;publish_date;version_status;version_group;effective_date,excel,.xls,nfra_166,,166_2023年5月全国各地区原保险保费收入情况表_2023年05月全国各地区原保险保费收入情况表.xls,2023年05月全国各地区原保险保费收入情况表,,,监管统计数据,国家金融监督管理总局,,,监管统计,全国各地区原保险保费收入,,unknown,,,,,
55,stat_table;missing_source;unknown_version,source_url;attachment_url;source_site;publish_date;version_status;version_group;effective_date,excel,.xls,nfra_167,,167_2023年5月人身险公司经营情况表_2023年05月人身险公司经营情况表.xls,2023年05月人身险公司经营情况表,,,监管统计数据,国家金融监督管理总局,,,保险经营统计,人身险公司经营情况表,,unknown,,,,,
55,stat_table;missing_source;unknown_version,source_url;attachment_url;source_site;publish_date;version_status;version_group;effective_date,excel,.xls,nfra_168,,168_2023年5月财产保险公司经营情况表_2023年05月财产保险公司经营情况表.xls,2023年05月财产保险公司经营情况表,,,监管统计数据,国家金融监督管理总局,,,保险经营统计,财产保险公司经营情况表,,unknown,,,,,
55,stat_table;missing_source;unknown_version,source_url;attachment_url;source_site;publish_date;version_status;version_group;effective_date,excel,.xls,nfra_169,,169_2023年5月保险业经营情况表_2023年05月保险业经营情况表.xls,2023年05月保险业经营情况表,,,监管统计数据,国家金融监督管理总局,,,保险经营统计,保险业经营情况表,,unknown,,,,,
55,stat_table;missing_source;unknown_version,source_url;attachment_url;source_site;publish_date;version_status;version_group;effective_date,excel,.xlsx,nfra_170,,170_2023年4月全国各地区原保险保费收入情况表_2023年04月全国各地区原保险保费收入情况表.xlsx,2023年04月全国各地区原保险保费收入情况表,,,监管统计数据,国家金融监督管理总局,,,监管统计,全国各地区原保险保费收入,,unknown,,,,,
55,stat_table;missing_source;unknown_version,source_url;attachment_url;source_site;publish_date;version_status;version_group;effective_date,excel,.xlsx,nfra_171,,171_2023年4月人身险公司经营情况表_2023年04月人身险公司经营情况表.xlsx,2023年04月人身险公司经营情况表,,,监管统计数据,国家金融监督管理总局,,,保险经营统计,人身险公司经营情况表,,unknown,,,,,
55,stat_table;missing_source;unknown_version,source_url;attachment_url;source_site;publish_date;version_status;version_group;effective_date,excel,.xlsx,nfra_172,,172_2023年4月财产保险公司经营情况表_2023年04月财产保险公司经营情况表.xlsx,2023年04月财产保险公司经营情况表,,,监管统计数据,国家金融监督管理总局,,,保险经营统计,财产保险公司经营情况表,,unknown,,,,,
55,stat_table;missing_source;unknown_version,source_url;attachment_url;source_site;publish_date;version_status;version_group;effective_date,excel,.xlsx,nfra_173,,173_2023年4月保险业经营情况表_2023年04月保险业经营情况表.xlsx,2023年04月保险业经营情况表,,,监管统计数据,国家金融监督管理总局,,,保险经营统计,保险业经营情况表,,unknown,,,,,
55,stat_table;missing_source;unknown_version,source_url;attachment_url;source_site;publish_date;version_status;version_group;effective_date,excel,.xlsx,nfra_174,,174_2023年1季度保险业资金运用情况表_2023年一季度保险业资金运用情况表.xlsx,2023年一季度保险业资金运用情况表,,,监管统计数据,国家金融监督管理总局,,,保险资金运用,资金运用情况表,,unknown,,,,,
55,stat_table;missing_source;unknown_version,source_url;attachment_url;source_site;publish_date;version_status;version_group;effective_date,excel,.xls,nfra_175,,175_2022年保险业偿付能力状况表(季度)_2022年保险业偿付能力状况表.xls,2022年保险业偿付能力状况表,,,监管统计数据,中国银行保险监督管理委员会,,,监管统计,偿付能力状况表,,unknown,,,,,
55,stat_table;missing_source;unknown_version,source_url;attachment_url;source_site;publish_date;version_status;version_group;effective_date,excel,.xlsx,nfra_176,,176_2023年3月全国各地区原保险保费收入情况表_2023年03月全国各地区原保险保费收入情况表.xlsx,2023年03月全国各地区原保险保费收入情况表,,,监管统计数据,国家金融监督管理总局,,,监管统计,全国各地区原保险保费收入,,unknown,,,,,
55,stat_table;missing_source;unknown_version,source_url;attachment_url;source_site;publish_date;version_status;version_group;effective_date,excel,.xlsx,nfra_177,,177_2023年3月人身险公司经营情况表_2023年03月人身险公司经营情况表.xlsx,2023年03月人身险公司经营情况表,,,监管统计数据,国家金融监督管理总局,,,保险经营统计,人身险公司经营情况表,,unknown,,,,,
55,stat_table;missing_source;unknown_version,source_url;attachment_url;source_site;publish_date;version_status;version_group;effective_date,excel,.xlsx,nfra_178,,178_2023年3月财产保险公司经营情况表_2023年03月财产保险公司经营情况表.xlsx,2023年03月财产保险公司经营情况表,,,监管统计数据,国家金融监督管理总局,,,保险经营统计,财产保险公司经营情况表,,unknown,,,,,
55,stat_table;missing_source;unknown_version,source_url;attachment_url;source_site;publish_date;version_status;version_group;effective_date,excel,.xlsx,nfra_179,,179_2023年3月保险业经营情况表_2023年03月保险业经营情况表.xlsx,2023年03月保险业经营情况表,,,监管统计数据,国家金融监督管理总局,,,保险经营统计,保险业经营情况表,,unknown,,,,,
55,stat_table;missing_source;unknown_version,source_url;attachment_url;source_site;publish_date;version_status;version_group;effective_date,excel,.xlsx,nfra_180,,180_2023年2月全国各地区原保险保费收入情况表_2023年02月全国各地区原保险保费收入情况表.xlsx,2023年02月全国各地区原保险保费收入情况表,,,监管统计数据,国家金融监督管理总局,,,监管统计,全国各地区原保险保费收入,,unknown,,,,,
55,stat_table;missing_source;unknown_version,source_url;attachment_url;source_site;publish_date;version_status;version_group;effective_date,excel,.xlsx,nfra_181,,181_2023年2月人身险公司经营情况表_2023年02月人身险公司经营情况表.xlsx,2023年02月人身险公司经营情况表,,,监管统计数据,国家金融监督管理总局,,,保险经营统计,人身险公司经营情况表,,unknown,,,,,
55,stat_table;missing_source;unknown_version,source_url;attachment_url;source_site;publish_date;version_status;version_group;effective_date,excel,.xlsx,nfra_182,,182_2023年2月财产保险公司经营情况表_2023年02月财产保险公司经营情况表.xlsx,2023年02月财产保险公司经营情况表,,,监管统计数据,国家金融监督管理总局,,,保险经营统计,财产保险公司经营情况表,,unknown,,,,,
55,stat_table;missing_source;unknown_version,source_url;attachment_url;source_site;publish_date;version_status;version_group;effective_date,excel,.xlsx,nfra_183,,183_2023年2月保险业经营情况表_2023年02月保险业经营情况表.xlsx,2023年02月保险业经营情况表,,,监管统计数据,国家金融监督管理总局,,,保险经营统计,保险业经营情况表,,unknown,,,,,
55,stat_table;missing_source;unknown_version,source_url;attachment_url;source_site;publish_date;version_status;version_group;effective_date,excel,.xlsx,nfra_184,,184_2023年1月全国各地区原保险保费收入情况表_2023年01月全国各地区原保险保费收入情况表.xlsx,2023年01月全国各地区原保险保费收入情况表,,,监管统计数据,国家金融监督管理总局,,,监管统计,全国各地区原保险保费收入,,unknown,,,,,
55,stat_table;missing_source;unknown_version,source_url;attachment_url;source_site;publish_date;version_status;version_group;effective_date,excel,.xlsx,nfra_185,,185_2023年1月人身险公司经营情况表_2023年01月人身险公司经营情况表.xlsx,2023年01月人身险公司经营情况表,,,监管统计数据,国家金融监督管理总局,,,保险经营统计,人身险公司经营情况表,,unknown,,,,,
55,stat_table;missing_source;unknown_version,source_url;attachment_url;source_site;publish_date;version_status;version_group;effective_date,excel,.xlsx,nfra_186,,186_2023年1月财产保险公司经营情况表_2023年01月财产保险公司经营情况表.xlsx,2023年01月财产保险公司经营情况表,,,监管统计数据,国家金融监督管理总局,,,保险经营统计,财产保险公司经营情况表,,unknown,,,,,
55,stat_table;missing_source;unknown_version,source_url;attachment_url;source_site;publish_date;version_status;version_group;effective_date,excel,.xlsx,nfra_187,,187_2023年1月保险业经营情况表_2023年01月保险业经营情况表.xlsx,2023年01月保险业经营情况表,,,监管统计数据,国家金融监督管理总局,,,保险经营统计,保险业经营情况表,,unknown,,,,,
55,stat_table;missing_source;unknown_version,source_url;attachment_url;source_site;publish_date;version_status;version_group;effective_date,excel,.xls,nfra_188,,188_2023年银保监会监管统计信息发布日程表_2023年监管统计信息披露日程、机构范围及指标解释.xls,2023年监管统计信息披露日程、机构范围及指标解释,,,监管统计数据,银保监会,,,监管统计,监管统计信息披露日程,,unknown,,,,,
55,stat_table;missing_source;unknown_version,source_url;attachment_url;source_site;publish_date;version_status;version_group;effective_date,excel,.xlsx,nfra_189,,189_2022年银行业总资产、总负债（季度）_银行业金融机构资产负债情况表(法人).xlsx,银行业金融机构资产负债情况表(法人),,,监管统计数据,,,,监管统计,总资产,,unknown,,,,,
55,stat_table;missing_source;unknown_version,source_url;attachment_url;source_site;publish_date;version_status;version_group;effective_date,excel,.xlsx,nfra_190,,190_2022年商业银行主要监管指标情况表（季度）_商业银行主要监管指标情况表(法人).xlsx,商业银行主要监管指标情况表(法人),,,监管统计数据,中国银行保险监督管理委员会,,,监管统计,商业银行主要监管指标,,unknown,,,,,
55,stat_table;missing_source;unknown_version,source_url;attachment_url;source_site;publish_date;version_status;version_group;effective_date,excel,.xlsx,nfra_191,,191_2022年商业银行主要指标分机构类情况表（季度）_商业银行主要指标分机构类情况表(法人).xlsx,商业银行主要指标分机构类情况表(法人),,,监管统计数据,中国银行保险监督管理委员会,,,监管统计,商业银行主要指标分机构类,,unknown,,,,,
55,stat_table;missing_source;unknown_version,source_url;attachment_url;source_site;publish_date;version_status;version_group;effective_date,excel,.xlsx,nfra_192,,192_2022年银行业金融机构普惠型小微企业贷款情况（季度）_银行业金融机构普惠型小微企业贷款情况表.xlsx,银行业金融机构普惠型小微企业贷款情况表,,,监管统计数据,中国银行保险监督管理委员会,,,监管统计,普惠型小微企业贷款,,unknown,,,,,
55,stat_table;missing_source;unknown_version,source_url;attachment_url;source_site;publish_date;version_status;version_group;effective_date,excel,.xlsx,nfra_193,,193_2022年银行业金融机构保障性安居工程贷款情况表(季度)_银行业金融机构保障性安居工程贷款情况表.xlsx,银行业金融机构保障性安居工程贷款情况表,,,,,,,其他,,,unknown,,,,,
55,stat_table;missing_source;unknown_version,source_url;attachment_url;source_site;publish_date;version_status;version_group;effective_date,excel,.xlsx,nfra_194,,194_2022年4季度保险业资金运用情况表_2022年四季度保险业资金运用情况表.xlsx,2022年四季度保险业资金运用情况表,,,监管统计数据,中国银行保险监督管理委员会,,,保险资金运用,资金运用情况表,,unknown,,,,,
55,stat_table;missing_source;unknown_version,source_url;attachment_url;source_site;publish_date;version_status;version_group;effective_date,excel,.xlsx,nfra_195,,195_2022年12月全国各地区原保险保费收入情况表_2022年12月全国各地区原保险保费收入情况表.xlsx,2022年12月全国各地区原保险保费收入情况表,,,监管统计数据,中国银行保险监督管理委员会,,,监管统计,全国各地区原保险保费收入,,unknown,,,,,
55,stat_table;missing_source;unknown_version,source_url;attachment_url;source_site;publish_date;version_status;version_group;effective_date,excel,.xlsx,nfra_196,,196_2022年12月人身险公司经营情况表_2022年12月人身险公司经营情况表.xlsx,2022年12月人身险公司经营情况表,,,监管统计数据,中国银行保险监督管理委员会,,,保险经营统计,人身险公司经营情况表,,unknown,,,,,
55,stat_table;missing_source;unknown_version,source_url;attachment_url;source_site;publish_date;version_status;version_group;effective_date,excel,.xlsx,nfra_197,,197_2022年12月财产保险公司经营情况表_2022年12月财产保险公司经营情况表.xlsx,2022年12月财产保险公司经营情况表,,,监管统计数据,中国银行保险监督管理委员会,,,保险经营统计,财产保险公司经营情况表,,unknown,,,,,
55,stat_table;missing_source;unknown_version,source_url;attachment_url;source_site;publish_date;version_status;version_group;effective_date,excel,.xlsx,nfra_198,,198_2022年12月保险业经营情况表_2022年12月保险业经营情况表.xlsx,2022年12月保险业经营情况表,,,监管统计数据,中国银行保险监督管理委员会,,,保险经营统计,保险业经营情况表,,unknown,,,,,
55,stat_table;missing_source;unknown_version,source_url;attachment_url;source_site;publish_date;version_status;version_group;effective_date,excel,.xls,nfra_199,,199_2022年银行业总资产、总负债（月度）_总资产、总负债.xls,总资产、总负债,,,监管统计数据,中国银行保险监督管理委员会,,,监管统计,总资产、总负债,,unknown,,,,,
55,stat_table;missing_source;unknown_version,source_url;attachment_url;source_site;publish_date;version_status;version_group;effective_date,excel,.xlsx,nfra_200,,200_2022年11月全国各地区原保险保费收入情况表_2022年11月全国各地区原保险保费收入情况表.xlsx,2022年11月全国各地区原保险保费收入情况表,,,监管统计数据,中国银行保险监督管理委员会,,,监管统计,全国各地区原保险保费收入,,unknown,,,,,
55,stat_table;missing_source;unknown_version,source_url;attachment_url;source_site;publish_date;version_status;version_group;effective_date,excel,.xlsx,nfra_201,,201_2022年11月人身险公司经营情况表_2022年11月人身险公司经营情况表.xlsx,2022年11月人身险公司经营情况表,,,监管统计数据,中国银行保险监督管理委员会,,,保险经营统计,人身险公司经营情况表,,unknown,,,,,
55,stat_table;missing_source;unknown_version,source_url;attachment_url;source_site;publish_date;version_status;version_group;effective_date,excel,.xlsx,nfra_202,,202_2022年11月财产保险公司经营情况表_2022年11月财产保险公司经营情况表.xlsx,2022年11月财产保险公司经营情况表,,,监管统计数据,中国银行保险监督管理委员会,,,保险经营统计,财产保险公司经营情况表,,unknown,,,,,
55,stat_table;missing_source;unknown_version,source_url;attachment_url;source_site;publish_date;version_status;version_group;effective_date,excel,.xlsx,nfra_203,,203_2022年11月保险业经营情况表_2022年11月保险业经营情况表.xlsx,2022年11月保险业经营情况表,,,监管统计数据,中国银行保险监督管理委员会,,,保险经营统计,保险业经营情况表,,unknown,,,,,
55,stat_table;missing_source;unknown_version,source_url;attachment_url;source_site;publish_date;version_status;version_group;effective_date,excel,.xlsx,nfra_204,,204_2022年10月全国各地区原保险保费收入情况表_2022年10月全国各地区原保险保费收入情况表.xlsx,2022年10月全国各地区原保险保费收入情况表,,,监管统计数据,中国银行保险监督管理委员会,,,监管统计,全国各地区原保险保费收入,,unknown,,,,,
55,stat_table;missing_source;unknown_version,source_url;attachment_url;source_site;publish_date;version_status;version_group;effective_date,excel,.xlsx,nfra_205,,205_2022年10月人身险公司经营情况表_2022年10月人身险公司经营情况表.xlsx,2022年10月人身险公司经营情况表,,,监管统计数据,中国银行保险监督管理委员会,,,保险经营统计,人身险公司经营情况表,,unknown,,,,,
55,stat_table;missing_source;unknown_version,source_url;attachment_url;source_site;publish_date;version_status;version_group;effective_date,excel,.xlsx,nfra_206,,206_2022年10月财产保险公司经营情况表_2022年10月财产保险公司经营情况表.xlsx,2022年10月财产保险公司经营情况表,,,监管统计数据,中国银行保险监督管理委员会,,,保险经营统计,财产保险公司经营情况表,,unknown,,,,,
55,stat_table;missing_source;unknown_version,source_url;attachment_url;source_site;publish_date;version_status;version_group;effective_date,excel,.xlsx,nfra_207,,207_2022年10月保险业经营情况表_2022年10月保险业经营情况表.xlsx,2022年10月保险业经营情况表,,,监管统计数据,中国银行保险监督管理委员会,,,保险经营统计,保险业经营情况表,,unknown,,,,,
55,stat_table;missing_source;unknown_version,source_url;attachment_url;source_site;publish_date;version_status;version_group;effective_date,excel,.xlsx,nfra_208,,208_2022年3季度保险业资金运用情况表_2022年三季度保险业资金运用情况表.xlsx,2022年三季度保险业资金运用情况表,,,监管统计数据,中国银行保险监督管理委员会,,,保险资金运用,资金运用情况表,,unknown,,,,,
55,stat_table;missing_source;unknown_version,source_url;attachment_url;source_site;publish_date;version_status;version_group;effective_date,excel,.xlsx,nfra_209,,209_2022年9月全国各地区原保险保费收入情况表_2022年09月全国各地区原保险保费收入情况表.xlsx,2022年09月全国各地区原保险保费收入情况表,,,监管统计数据,中国银行保险监督管理委员会,,,监管统计,全国各地区原保险保费收入,,unknown,,,,,
55,stat_table;missing_source;unknown_version,source_url;attachment_url;source_site;publish_date;version_status;version_group;effective_date,excel,.xlsx,nfra_210,,210_2022年9月人身险公司经营情况表_2022年09月人身险公司经营情况表.xlsx,2022年09月人身险公司经营情况表,,,监管统计数据,中国银行保险监督管理委员会,,,保险经营统计,人身险公司经营情况表,,unknown,,,,,
55,stat_table;missing_source;unknown_version,source_url;attachment_url;source_site;publish_date;version_status;version_group;effective_date,excel,.xlsx,nfra_211,,211_2022年9月财产保险公司经营情况表_2022年09月财产保险公司经营情况表.xlsx,2022年09月财产保险公司经营情况表,,,监管统计数据,中国银行保险监督管理委员会,,,保险经营统计,财产保险公司经营情况表,,unknown,,,,,
55,stat_table;missing_source;unknown_version,source_url;attachment_url;source_site;publish_date;version_status;version_group;effective_date,excel,.xlsx,nfra_212,,212_2022年9月保险业经营情况表_2022年09月保险业经营情况表.xlsx,2022年09月保险业经营情况表,,,监管统计数据,中国银行保险监督管理委员会,,,保险经营统计,保险业经营情况表,,unknown,,,,,
55,stat_table;missing_source;unknown_version,source_url;attachment_url;source_site;publish_date;version_status;version_group;effective_date,excel,.xlsx,nfra_213,,213_2022年8月全国各地区原保险保费收入情况表_2022年08月全国各地区原保险保费收入情况表.xlsx,2022年08月全国各地区原保险保费收入情况表,,,监管统计数据,中国银行保险监督管理委员会,,,监管统计,全国各地区原保险保费收入,,unknown,,,,,
55,stat_table;missing_source;unknown_version,source_url;attachment_url;source_site;publish_date;version_status;version_group;effective_date,excel,.xlsx,nfra_214,,214_2022年8月人身险公司经营情况表_2022年08月人身险公司经营情况表.xlsx,2022年08月人身险公司经营情况表,,,监管统计数据,中国银行保险监督管理委员会,,,保险经营统计,人身险公司经营情况表,,unknown,,,,,
55,stat_table;missing_source;unknown_version,source_url;attachment_url;source_site;publish_date;version_status;version_group;effective_date,excel,.xlsx,nfra_215,,215_2022年8月财产保险公司经营情况表_2022年08月财产保险公司经营情况表.xlsx,2022年08月财产保险公司经营情况表,,,监管统计数据,中国银行保险监督管理委员会,,,保险经营统计,财产保险公司经营情况表,,unknown,,,,,
55,stat_table;missing_source;unknown_version,source_url;attachment_url;source_site;publish_date;version_status;version_group;effective_date,excel,.xlsx,nfra_216,,216_2022年8月保险业经营情况表_2022年08月保险业经营情况表.xlsx,2022年08月保险业经营情况表,,,监管统计数据,中国银行保险监督管理委员会,,,保险经营统计,保险业经营情况表,,unknown,,,,,
55,stat_table;missing_source;unknown_version,source_url;attachment_url;source_site;publish_date;version_status;version_group;effective_date,excel,.xlsx,nfra_217,,217_2022年7月全国各地区原保险保费收入情况表_2022年07月全国各地区原保险保费收入情况表.xlsx,2022年07月全国各地区原保险保费收入情况表,,,监管统计数据,中国银行保险监督管理委员会,,,监管统计,全国各地区原保险保费收入,,unknown,,,,,
55,stat_table;missing_source;unknown_version,source_url;attachment_url;source_site;publish_date;version_status;version_group;effective_date,excel,.xlsx,nfra_218,,218_2022年7月人身险公司经营情况表_2022年07月人身险公司经营情况表.xlsx,2022年07月人身险公司经营情况表,,,监管统计数据,中国银行保险监督管理委员会,,,保险经营统计,人身险公司经营情况表,,unknown,,,,,
55,stat_table;missing_source;unknown_version,source_url;attachment_url;source_site;publish_date;version_status;version_group;effective_date,excel,.xlsx,nfra_219,,219_2022年7月财产保险公司经营情况表_2022年07月财产保险公司经营情况表.xlsx,2022年07月财产保险公司经营情况表,,,监管统计数据,中国银行保险监督管理委员会,,,保险经营统计,财产保险公司经营情况表,,unknown,,,,,
55,stat_table;missing_source;unknown_version,source_url;attachment_url;source_site;publish_date;version_status;version_group;effective_date,excel,.xlsx,nfra_220,,220_2022年7月保险业经营情况表_2022年07月保险业经营情况表.xlsx,2022年07月保险业经营情况表,,,监管统计数据,中国银行保险监督管理委员会,,,保险经营统计,保险业经营情况表,,unknown,,,,,
55,stat_table;missing_source;unknown_version,source_url;attachment_url;source_site;publish_date;version_status;version_group;effective_date,excel,.xlsx,nfra_221,,221_2022年2季度保险业资金运用情况表_2022年二季度保险业资金运用情况表.xlsx,2022年二季度保险业资金运用情况表,,,监管统计数据,中国银行保险监督管理委员会,,,保险资金运用,资金运用情况表,,unknown,,,,,
55,stat_table;missing_source;unknown_version,source_url;attachment_url;source_site;publish_date;version_status;version_group;effective_date,excel,.xlsx,nfra_222,,222_2022年6月全国各地区原保险保费收入情况表_2022年06月全国各地区原保险保费收入情况表.xlsx,2022年06月全国各地区原保险保费收入情况表,,,监管统计数据,中国银行保险监督管理委员会,,,监管统计,全国各地区原保险保费收入,,unknown,,,,,
55,stat_table;missing_source;unknown_version,source_url;attachment_url;source_site;publish_date;version_status;version_group;effective_date,excel,.xlsx,nfra_223,,223_2022年6月人身险公司经营情况表_2022年06月人身险公司经营情况表.xlsx,2022年06月人身险公司经营情况表,,,监管统计数据,中国银行保险监督管理委员会,,,保险经营统计,人身险公司经营情况表,,unknown,,,,,
55,stat_table;missing_source;unknown_version,source_url;attachment_url;source_site;publish_date;version_status;version_group;effective_date,excel,.xlsx,nfra_224,,224_2022年6月财产保险公司经营情况表_2022年06月财产保险公司经营情况表.xlsx,2022年06月财产保险公司经营情况表,,,监管统计数据,中国银行保险监督管理委员会,,,保险经营统计,财产保险公司经营情况表,,unknown,,,,,
55,stat_table;missing_source;unknown_version,source_url;attachment_url;source_site;publish_date;version_status;version_group;effective_date,excel,.xlsx,nfra_225,,225_2022年6月保险业经营情况表_2022年06月保险业经营情况表.xlsx,2022年06月保险业经营情况表,,,监管统计数据,中国银行保险监督管理委员会,,,保险经营统计,保险业经营情况表,,unknown,,,,,
55,stat_table;missing_source;unknown_version,source_url;attachment_url;source_site;publish_date;version_status;version_group;effective_date,excel,.xlsx,nfra_226,,226_2022年5月全国各地区原保险保费收入情况表_2022年05月全国各地区原保险保费收入情况表.xlsx,2022年05月全国各地区原保险保费收入情况表,,,监管统计数据,中国银行保险监督管理委员会,,,监管统计,全国各地区原保险保费收入,,unknown,,,,,
55,stat_table;missing_source;unknown_version,source_url;attachment_url;source_site;publish_date;version_status;version_group;effective_date,excel,.xlsx,nfra_227,,227_2022年5月人身险公司经营情况表_2022年05月人身险公司经营情况表.xlsx,2022年05月人身险公司经营情况表,,,监管统计数据,中国银行保险监督管理委员会,,,保险经营统计,人身险公司经营情况表,,unknown,,,,,
55,stat_table;missing_source;unknown_version,source_url;attachment_url;source_site;publish_date;version_status;version_group;effective_date,excel,.xlsx,nfra_228,,228_2022年5月财产保险公司经营情况表_2022年05月财产保险公司经营情况表.xlsx,2022年05月财产保险公司经营情况表,,,监管统计数据,中国银行保险监督管理委员会,,,保险经营统计,财产保险公司经营情况表,,unknown,,,,,
55,stat_table;missing_source;unknown_version,source_url;attachment_url;source_site;publish_date;version_status;version_group;effective_date,excel,.xlsx,nfra_229,,229_2022年5月保险业经营情况表_2022年05月保险业经营情况表.xlsx,2022年05月保险业经营情况表,,,监管统计数据,中国银行保险监督管理委员会,,,保险经营统计,保险业经营情况表,,unknown,,,,,
55,stat_table;missing_source;unknown_version,source_url;attachment_url;source_site;publish_date;version_status;version_group;effective_date,excel,.xlsx,nfra_230,,230_2022年4月全国各地区原保险保费收入情况表_2022年04月全国各地区原保险保费收入情况表.xlsx,2022年04月全国各地区原保险保费收入情况表,,,监管统计数据,中国银行保险监督管理委员会,,,监管统计,全国各地区原保险保费收入,,unknown,,,,,
55,stat_table;missing_source;unknown_version,source_url;attachment_url;source_site;publish_date;version_status;version_group;effective_date,excel,.xlsx,nfra_231,,231_2022年4月人身险公司经营情况表_2022年04月人身险公司经营情况表.xlsx,2022年04月人身险公司经营情况表,,,监管统计数据,中国银行保险监督管理委员会,,,保险经营统计,人身险公司经营情况表,,unknown,,,,,
55,stat_table;missing_source;unknown_version,source_url;attachment_url;source_site;publish_date;version_status;version_group;effective_date,excel,.xlsx,nfra_232,,232_2022年4月财产保险公司经营情况表_2022年04月财产保险公司经营情况表.xlsx,2022年04月财产保险公司经营情况表,,,监管统计数据,中国银行保险监督管理委员会,,,保险经营统计,财产保险公司经营情况表,,unknown,,,,,
55,stat_table;missing_source;unknown_version,source_url;attachment_url;source_site;publish_date;version_status;version_group;effective_date,excel,.xlsx,nfra_233,,233_2022年4月保险业经营情况表_2022年04月保险业经营情况表.xlsx,2022年04月保险业经营情况表,,,监管统计数据,中国银行保险监督管理委员会,,,保险经营统计,保险业经营情况表,,unknown,,,,,
55,stat_table;missing_source;unknown_version,source_url;attachment_url;source_site;publish_date;version_status;version_group;effective_date,excel,.xls,nfra_234,,234_2021年保险业偿付能力状况表(季度)_2021年保险业偿付能力状况表(季度).xls,2021年保险业偿付能力状况表(季度),,,监管统计数据,中国银行保险监督管理委员会,,,监管统计,偿付能力状况表,,unknown,,,,,
55,stat_table;missing_source;unknown_version,source_url;attachment_url;source_site;publish_date;version_status;version_group;effective_date,excel,.xlsx,nfra_235,,235_2022年3月全国各地区原保险保费收入情况表_2022年03月全国各地区原保险保费收入情况表.xlsx,2022年03月全国各地区原保险保费收入情况表,,,监管统计数据,中国银行保险监督管理委员会,,,监管统计,全国各地区原保险保费收入,,unknown,,,,,
55,stat_table;missing_source;unknown_version,source_url;attachment_url;source_site;publish_date;version_status;version_group;effective_date,excel,.xlsx,nfra_236,,236_2022年3月人身险公司经营情况表_2022年03月人身险公司经营情况表.xlsx,2022年03月人身险公司经营情况表,,,监管统计数据,中国银行保险监督管理委员会,,,保险经营统计,人身险公司经营情况表,,unknown,,,,,
55,stat_table;missing_source;unknown_version,source_url;attachment_url;source_site;publish_date;version_status;version_group;effective_date,excel,.xlsx,nfra_237,,237_2022年3月财产保险公司经营情况表_2022年03月财产保险公司经营情况表.xlsx,2022年03月财产保险公司经营情况表,,,监管统计数据,中国银行保险监督管理委员会,,,保险经营统计,财产保险公司经营情况表,,unknown,,,,,
55,stat_table;missing_source;unknown_version,source_url;attachment_url;source_site;publish_date;version_status;version_group;effective_date,excel,.xlsx,nfra_238,,238_2022年3月保险业经营情况表_2022年03月保险业经营情况表.xlsx,2022年03月保险业经营情况表,,,监管统计数据,中国银行保险监督管理委员会,,,保险经营统计,保险业经营情况表,,unknown,,,,,
55,stat_table;missing_source;unknown_version,source_url;attachment_url;source_site;publish_date;version_status;version_group;effective_date,excel,.xlsx,nfra_239,,239_2022年2月全国各地区原保险保费收入情况表_2022年02月全国各地区原保险保费收入情况表.xlsx,2022年02月全国各地区原保险保费收入情况表,,,监管统计数据,中国银行保险监督管理委员会,,,监管统计,全国各地区原保险保费收入,,unknown,,,,,
55,stat_table;missing_source;unknown_version,source_url;attachment_url;source_site;publish_date;version_status;version_group;effective_date,excel,.xlsx,nfra_240,,240_2022年2月人身险公司经营情况表_2022年02月人身险公司经营情况表.xlsx,2022年02月人身险公司经营情况表,,,监管统计数据,中国银行保险监督管理委员会,,,保险经营统计,人身险公司经营情况表,,unknown,,,,,
55,stat_table;missing_source;unknown_version,source_url;attachment_url;source_site;publish_date;version_status;version_group;effective_date,excel,.xlsx,nfra_241,,241_2022年2月财产保险公司经营情况表_2022年02月财产保险公司经营情况表.xlsx,2022年02月财产保险公司经营情况表,,,监管统计数据,中国银行保险监督管理委员会,,,保险经营统计,财产保险公司经营情况表,,unknown,,,,,
55,stat_table;missing_source;unknown_version,source_url;attachment_url;source_site;publish_date;version_status;version_group;effective_date,excel,.xlsx,nfra_242,,242_2022年2月保险业经营情况表_2022年02月保险业经营情况表.xlsx,2022年02月保险业经营情况表,,,监管统计数据,中国银行保险监督管理委员会,,,保险经营统计,保险业经营情况表,,unknown,,,,,
55,stat_table;missing_source;unknown_version,source_url;attachment_url;source_site;publish_date;version_status;version_group;effective_date,excel,.xlsx,nfra_243,,243_2022年1月全国各地区原保险保费收入情况表_2022年01月全国各地区原保险保费收入情况表.xlsx,2022年01月全国各地区原保险保费收入情况表,,,监管统计数据,中国银行保险监督管理委员会,,,监管统计,全国各地区原保险保费收入,,unknown,,,,,
55,stat_table;missing_source;unknown_version,source_url;attachment_url;source_site;publish_date;version_status;version_group;effective_date,excel,.xlsx,nfra_244,,244_2022年1月人身险公司经营情况表_2022年01月人身险公司经营情况表.xlsx,2022年01月人身险公司经营情况表,,,监管统计数据,中国银行保险监督管理委员会,,,保险经营统计,人身险公司经营情况表,,unknown,,,,,
55,stat_table;missing_source;unknown_version,source_url;attachment_url;source_site;publish_date;version_status;version_group;effective_date,excel,.xlsx,nfra_245,,245_2022年1月财产保险公司经营情况表_2022年01月财产保险公司经营情况表.xlsx,2022年01月财产保险公司经营情况表,,,监管统计数据,中国银行保险监督管理委员会,,,保险经营统计,财产保险公司经营情况表,,unknown,,,,,
55,stat_table;missing_source;unknown_version,source_url;attachment_url;source_site;publish_date;version_status;version_group;effective_date,excel,.xlsx,nfra_246,,246_2022年1月保险业经营情况表_2022年01月保险业经营情况表.xlsx,2022年01月保险业经营情况表,,,监管统计数据,中国银行保险监督管理委员会,,,保险经营统计,保险业经营情况表,,unknown,,,,,
55,stat_table;missing_source;unknown_version,source_url;attachment_url;source_site;publish_date;version_status;version_group;effective_date,excel,.xls,nfra_247,,247_2022年银保监会监管统计信息发布日程表_2022年监管统计信息披露日程、机构范围及指标解释.xls,2022年监管统计信息披露日程、机构范围及指标解释,,,监管统计数据,银保监会,,,监管统计,监管统计信息披露日程,,unknown,,,,,
55,stat_table;missing_source;unknown_version,source_url;attachment_url;source_site;publish_date;version_status;version_group;effective_date,excel,.xlsx,nfra_248,,248_2021年银行业金融机构保障性安居工程贷款情况表(季度)_2021年银行业金融机构保障性安居工程贷款情况表(季度).xlsx,2021年银行业金融机构保障性安居工程贷款情况表(季度),,,,,,,其他,,,unknown,,,,,
55,stat_table;missing_source;unknown_version,source_url;attachment_url;source_site;publish_date;version_status;version_group;effective_date,excel,.xlsx,nfra_249,,249_2021年银行业金融机构普惠型小微企业贷款情况（季度）_2021年银行业金融机构普惠型小微企业贷款情况（季度）.xlsx,2021年银行业金融机构普惠型小微企业贷款情况（季度）,,,监管统计数据,中国银行保险监督管理委员会,,,监管统计,普惠型小微企业贷款,,unknown,,,,,
55,stat_table;missing_source;unknown_version,source_url;attachment_url;source_site;publish_date;version_status;version_group;effective_date,excel,.xlsx,nfra_250,,250_2021年商业银行主要指标分机构类情况表（季度）_2021年商业银行主要指标分机构类情况表（季度）.xlsx,2021年商业银行主要指标分机构类情况表（季度）,,,监管统计数据,中国银行保险监督管理委员会,,,监管统计,商业银行主要指标分机构类,,unknown,,,,,
55,stat_table;missing_source;unknown_version,source_url;attachment_url;source_site;publish_date;version_status;version_group;effective_date,excel,.xlsx,nfra_251,,251_2021年商业银行主要监管指标情况表（季度）_2021年商业银行主要监管指标情况表（季度）.xlsx,2021年商业银行主要监管指标情况表（季度）,,,监管统计数据,中国银行保险监督管理委员会,,,监管统计,商业银行主要监管指标,,unknown,,,,,
55,stat_table;missing_source;unknown_version,source_url;attachment_url;source_site;publish_date;version_status;version_group;effective_date,excel,.xlsx,nfra_252,,252_2021年银行业总资产、总负债（季度）_2021年银行业总资产、总负债（季度）.xlsx,2021年银行业总资产、总负债（季度）,,,监管统计数据,中国银行保险监督管理委员会,,,监管统计,银行业总资产,,unknown,,,,,
55,stat_table;missing_source;unknown_version,source_url;attachment_url;source_site;publish_date;version_status;version_group;effective_date,excel,.xls,nfra_253,,253_2021年银行业总资产、总负债（月度）_2021年银行业总资产、总负债（月度）.xls,2021年银行业总资产、总负债（月度）,,,监管统计数据,中国银行保险监督管理委员会,,,监管统计,银行业总资产,,unknown,,,,,
55,stat_table;missing_source;unknown_version,source_url;attachment_url;source_site;publish_date;version_status;version_group;effective_date,excel,.xlsx,nfra_254,,254_2021年12月全国各地区原保险保费收入情况表_2021年12月全国各地区原保险保费收入情况表.xlsx,2021年12月全国各地区原保险保费收入情况表,,,监管统计数据,中国银行保险监督管理委员会,,,监管统计,全国各地区原保险保费收入,,unknown,,,,,
55,stat_table;missing_source;unknown_version,source_url;attachment_url;source_site;publish_date;version_status;version_group;effective_date,excel,.xlsx,nfra_255,,255_2021年12月人身险公司经营情况表_2021年12月人身险公司经营情况表.xlsx,2021年12月人身险公司经营情况表,,,监管统计数据,中国银行保险监督管理委员会,,,保险经营统计,人身险公司经营情况表,,unknown,,,,,
55,stat_table;missing_source;unknown_version,source_url;attachment_url;source_site;publish_date;version_status;version_group;effective_date,excel,.xlsx,nfra_256,,256_2021年12月财产保险公司经营情况表_2021年12月财产保险公司经营情况表.xlsx,2021年12月财产保险公司经营情况表,,,监管统计数据,中国银行保险监督管理委员会,,,保险经营统计,财产保险公司经营情况表,,unknown,,,,,
55,stat_table;missing_source;unknown_version,source_url;attachment_url;source_site;publish_date;version_status;version_group;effective_date,excel,.xlsx,nfra_257,,257_2021年12月保险业经营情况表_2021年12月保险业经营情况表.xlsx,2021年12月保险业经营情况表,,,监管统计数据,中国银行保险监督管理委员会,,,保险经营统计,保险业经营情况表,,unknown,,,,,
55,stat_table;missing_source;unknown_version,source_url;attachment_url;source_site;publish_date;version_status;version_group;effective_date,excel,.xlsx,nfra_258,,258_2021年11月全国各地区原保险保费收入情况表_2021年11月全国各地区原保险保费收入情况表.xlsx,2021年11月全国各地区原保险保费收入情况表,,,监管统计数据,中国银行保险监督管理委员会,,,监管统计,全国各地区原保险保费收入,,unknown,,,,,
55,stat_table;missing_source;unknown_version,source_url;attachment_url;source_site;publish_date;version_status;version_group;effective_date,excel,.xlsx,nfra_259,,259_2021年11月人身险公司经营情况表_2021年11月人身险公司经营情况表.xlsx,2021年11月人身险公司经营情况表,,,监管统计数据,中国银行保险监督管理委员会,,,保险经营统计,人身险公司经营情况表,,unknown,,,,,
55,stat_table;missing_source;unknown_version,source_url;attachment_url;source_site;publish_date;version_status;version_group;effective_date,excel,.xlsx,nfra_260,,260_2021年11月财产保险公司经营情况表_2021年11月财产保险公司经营情况表.xlsx,2021年11月财产保险公司经营情况表,,,监管统计数据,中国银行保险监督管理委员会,,,保险经营统计,财产保险公司经营情况表,,unknown,,,,,
55,stat_table;missing_source;unknown_version,source_url;attachment_url;source_site;publish_date;version_status;version_group;effective_date,excel,.xlsx,nfra_261,,261_2021年11月保险业经营情况表_2021年11月保险业经营情况表.xlsx,2021年11月保险业经营情况表,,,监管统计数据,中国银行保险监督管理委员会,,,保险经营统计,保险业经营情况表,,unknown,,,,,
55,stat_table;missing_source;unknown_version,source_url;attachment_url;source_site;publish_date;version_status;version_group;effective_date,excel,.xlsx,nfra_262,,262_2021年10月全国各地区原保险保费收入情况表_2021年10月全国各地区原保险保费收入情况表.xlsx,2021年10月全国各地区原保险保费收入情况表,,,监管统计数据,中国银行保险监督管理委员会,,,监管统计,全国各地区原保险保费收入,,unknown,,,,,
55,stat_table;missing_source;unknown_version,source_url;attachment_url;source_site;publish_date;version_status;version_group;effective_date,excel,.xlsx,nfra_263,,263_2021年10月人身险公司经营情况表_2021年10月人身险公司经营情况表.xlsx,2021年10月人身险公司经营情况表,,,监管统计数据,中国银行保险监督管理委员会,,,保险经营统计,人身险公司经营情况表,,unknown,,,,,
55,stat_table;missing_source;unknown_version,source_url;attachment_url;source_site;publish_date;version_status;version_group;effective_date,excel,.xlsx,nfra_264,,264_2021年10月财产保险公司经营情况表_2021年10月财产保险公司经营情况表.xlsx,2021年10月财产保险公司经营情况表,,,监管统计数据,中国银行保险监督管理委员会,,,保险经营统计,财产保险公司经营情况表,,unknown,,,,,
55,stat_table;missing_source;unknown_version,source_url;attachment_url;source_site;publish_date;version_status;version_group;effective_date,excel,.xlsx,nfra_265,,265_2021年10月保险业经营情况表_2021年10月保险业经营情况表.xlsx,2021年10月保险业经营情况表,,,监管统计数据,中国银行保险监督管理委员会,,,保险经营统计,保险业经营情况表,,unknown,,,,,
55,stat_table;missing_source;unknown_version,source_url;attachment_url;source_site;publish_date;version_status;version_group;effective_date,excel,.xlsx,nfra_266,,266_2021年9月全国各地区原保险保费收入情况表_2021年09月全国各地区原保险保费收入情况表.xlsx,2021年09月全国各地区原保险保费收入情况表,,,监管统计数据,中国银行保险监督管理委员会,,,监管统计,全国各地区原保险保费收入,,unknown,,,,,
55,stat_table;missing_source;unknown_version,source_url;attachment_url;source_site;publish_date;version_status;version_group;effective_date,excel,.xlsx,nfra_267,,267_2021年9月人身险公司经营情况表_2021年09月人身险公司经营情况表.xlsx,2021年09月人身险公司经营情况表,,,监管统计数据,中国银行保险监督管理委员会,,,保险经营统计,人身险公司经营情况表,,unknown,,,,,
55,stat_table;missing_source;unknown_version,source_url;attachment_url;source_site;publish_date;version_status;version_group;effective_date,excel,.xlsx,nfra_268,,268_2021年9月财产保险公司经营情况表_2021年09月财产保险公司经营情况表.xlsx,2021年09月财产保险公司经营情况表,,,监管统计数据,中国银行保险监督管理委员会,,,保险经营统计,财产保险公司经营情况表,,unknown,,,,,
55,stat_table;missing_source;unknown_version,source_url;attachment_url;source_site;publish_date;version_status;version_group;effective_date,excel,.xlsx,nfra_269,,269_2021年9月保险业经营情况表_2021年09月保险业经营情况表.xlsx,2021年09月保险业经营情况表,,,监管统计数据,中国银行保险监督管理委员会,,,保险经营统计,保险业经营情况表,,unknown,,,,,
55,stat_table;missing_source;unknown_version,source_url;attachment_url;source_site;publish_date;version_status;version_group;effective_date,excel,.xlsx,nfra_270,,270_2021年8月全国各地区原保险保费收入情况表_2021年08月全国各地区原保险保费收入情况表.xlsx,2021年08月全国各地区原保险保费收入情况表,,,监管统计数据,中国银行保险监督管理委员会,,,监管统计,全国各地区原保险保费收入,,unknown,,,,,
55,stat_table;missing_source;unknown_version,source_url;attachment_url;source_site;publish_date;version_status;version_group;effective_date,excel,.xlsx,nfra_271,,271_2021年8月人身险公司经营情况表_2021年08月人身险公司经营情况表.xlsx,2021年08月人身险公司经营情况表,,,监管统计数据,中国银行保险监督管理委员会,,,保险经营统计,人身险公司经营情况表,,unknown,,,,,
55,stat_table;missing_source;unknown_version,source_url;attachment_url;source_site;publish_date;version_status;version_group;effective_date,excel,.xlsx,nfra_272,,272_2021年8月财产保险公司经营情况表_2021年08月财产保险公司经营情况表.xlsx,2021年08月财产保险公司经营情况表,,,监管统计数据,中国银行保险监督管理委员会,,,保险经营统计,财产保险公司经营情况表,,unknown,,,,,
55,stat_table;missing_source;unknown_version,source_url;attachment_url;source_site;publish_date;version_status;version_group;effective_date,excel,.xlsx,nfra_273,,273_2021年8月保险业经营情况表_2021年08月保险业经营情况表.xlsx,2021年08月保险业经营情况表,,,监管统计数据,中国银行保险监督管理委员会,,,保险经营统计,保险业经营情况表,,unknown,,,,,
55,stat_table;missing_source;unknown_version,source_url;attachment_url;source_site;publish_date;version_status;version_group;effective_date,excel,.xls,nfra_274,,274_2021年7月全国各地区原保险保费收入情况表_2021年07月全国各地区原保险保费收入情况表.xls,2021年07月全国各地区原保险保费收入情况表,,,监管统计数据,中国银行保险监督管理委员会,,,监管统计,全国各地区原保险保费收入,,unknown,,,,,
55,stat_table;missing_source;unknown_version,source_url;attachment_url;source_site;publish_date;version_status;version_group;effective_date,excel,.xls,nfra_275,,275_2021年7月人身险公司经营情况表_2021年07月人身险公司经营情况表.xls,2021年07月人身险公司经营情况表,,,监管统计数据,中国银行保险监督管理委员会,,,保险经营统计,人身险公司经营情况表,,unknown,,,,,
55,stat_table;missing_source;unknown_version,source_url;attachment_url;source_site;publish_date;version_status;version_group;effective_date,excel,.xls,nfra_276,,276_2021年7月财产保险公司经营情况表_2021年07月财产保险公司经营情况表.xls,2021年07月财产保险公司经营情况表,,,监管统计数据,中国银行保险监督管理委员会,,,保险经营统计,财产保险公司经营情况表,,unknown,,,,,
55,stat_table;missing_source;unknown_version,source_url;attachment_url;source_site;publish_date;version_status;version_group;effective_date,excel,.xls,nfra_277,,277_2021年7月保险业经营情况表_2021年07月保险业经营情况表.xls,2021年07月保险业经营情况表,,,监管统计数据,中国银行保险监督管理委员会,,,保险经营统计,保险业经营情况表,,unknown,,,,,
55,stat_table;missing_source;unknown_version,source_url;attachment_url;source_site;publish_date;version_status;version_group;effective_date,excel,.xlsx,nfra_278,,278_2021年6月全国各地区原保险保费收入情况表_2021年06月全国各地区原保险保费收入情况表.xlsx,2021年06月全国各地区原保险保费收入情况表,,,监管统计数据,中国银行保险监督管理委员会,,,监管统计,全国各地区原保险保费收入,,unknown,,,,,
55,stat_table;missing_source;unknown_version,source_url;attachment_url;source_site;publish_date;version_status;version_group;effective_date,excel,.xlsx,nfra_279,,279_2021年6月人身险公司经营情况表_2021年06月人身险公司经营情况表.xlsx,2021年06月人身险公司经营情况表,,,监管统计数据,中国银行保险监督管理委员会,,,保险经营统计,人身险公司经营情况表,,unknown,,,,,
55,stat_table;missing_source;unknown_version,source_url;attachment_url;source_site;publish_date;version_status;version_group;effective_date,excel,.xlsx,nfra_280,,280_2021年6月财产保险公司经营情况表_2021年06月财产保险公司经营情况表.xlsx,2021年06月财产保险公司经营情况表,,,监管统计数据,中国银行保险监督管理委员会,,,保险经营统计,财产保险公司经营情况表,,unknown,,,,,
55,stat_table;missing_source;unknown_version,source_url;attachment_url;source_site;publish_date;version_status;version_group;effective_date,excel,.xlsx,nfra_281,,281_2021年6月保险业经营情况表_2021年06月保险业经营情况表.xlsx,2021年06月保险业经营情况表,,,监管统计数据,中国银行保险监督管理委员会,,,保险经营统计,保险业经营情况表,,unknown,,,,,
55,stat_table;missing_source;unknown_version,source_url;attachment_url;source_site;publish_date;version_status;version_group;effective_date,excel,.xls,nfra_282,,282_2021年5月全国各地区原保险保费收入情况表_2021年5月全国各地区原保险保费收入情况表.xls,2021年5月全国各地区原保险保费收入情况表,,,监管统计数据,中国银行保险监督管理委员会,,,监管统计,全国各地区原保险保费收入,,unknown,,,,,
55,stat_table;missing_source;unknown_version,source_url;attachment_url;source_site;publish_date;version_status;version_group;effective_date,excel,.xls,nfra_283,,283_2021年5月人身险公司经营情况表_2021年5月人身险公司经营情况表.xls,2021年5月人身险公司经营情况表,,,监管统计数据,中国银行保险监督管理委员会,,,保险经营统计,人身险公司经营情况表,,unknown,,,,,
55,stat_table;missing_source;unknown_version,source_url;attachment_url;source_site;publish_date;version_status;version_group;effective_date,excel,.xls,nfra_284,,284_2021年5月财产保险公司经营情况表_2021年5月财产保险公司经营情况表.xls,2021年5月财产保险公司经营情况表,,,监管统计数据,中国银行保险监督管理委员会,,,保险经营统计,财产保险公司经营情况表,,unknown,,,,,
55,stat_table;missing_source;unknown_version,source_url;attachment_url;source_site;publish_date;version_status;version_group;effective_date,excel,.xls,nfra_285,,285_2021年5月保险业经营情况表_2021年5月保险业经营情况表.xls,2021年5月保险业经营情况表,,,监管统计数据,中国银行保险监督管理委员会,,,保险经营统计,保险业经营情况表,,unknown,,,,,
55,stat_table;missing_source;unknown_version,source_url;attachment_url;source_site;publish_date;version_status;version_group;effective_date,excel,.xls,nfra_286,,286_2021年4月全国各地区原保险保费收入情况表_2021年04月全国各地区原保险保费收入情况表.xls,2021年04月全国各地区原保险保费收入情况表,,,监管统计数据,中国银行保险监督管理委员会,,,监管统计,全国各地区原保险保费收入,,unknown,,,,,
55,stat_table;missing_source;unknown_version,source_url;attachment_url;source_site;publish_date;version_status;version_group;effective_date,excel,.xls,nfra_287,,287_2021年4月人身险公司经营情况表_2021年04月人身险公司经营情况表.xls,2021年04月人身险公司经营情况表,,,监管统计数据,中国银行保险监督管理委员会,,,保险经营统计,人身险公司经营情况表,,unknown,,,,,
55,stat_table;missing_source;unknown_version,source_url;attachment_url;source_site;publish_date;version_status;version_group;effective_date,excel,.xls,nfra_288,,288_2021年4月财产保险公司经营情况表_2021年04月财产保险公司经营情况表.xls,2021年04月财产保险公司经营情况表,,,监管统计数据,中国银行保险监督管理委员会,,,保险经营统计,财产保险公司经营情况表,,unknown,,,,,
55,stat_table;missing_source;unknown_version,source_url;attachment_url;source_site;publish_date;version_status;version_group;effective_date,excel,.xls,nfra_289,,289_2021年4月保险业经营情况表_2021年04月保险业经营情况表.xls,2021年04月保险业经营情况表,,,监管统计数据,中国银行保险监督管理委员会,,,保险经营统计,保险业经营情况表,,unknown,,,,,
55,stat_table;missing_source;unknown_version,source_url;attachment_url;source_site;publish_date;version_status;version_group;effective_date,excel,.xls,nfra_290,,290_2020年保险业偿付能力状况表（季度）_2020年保险业偿付能力状况表（季度）.xls,2020年保险业偿付能力状况表（季度）,,,监管统计数据,中国银行保险监督管理委员会,,,监管统计,偿付能力状况表,,unknown,,,,,
55,stat_table;missing_source;unknown_version,source_url;attachment_url;source_site;publish_date;version_status;version_group;effective_date,excel,.xls,nfra_291,,291_2021年3月全国各地区原保险保费收入情况表_2021年03月全国各地区原保险保费收入情况表.xls,2021年03月全国各地区原保险保费收入情况表,,,监管统计数据,中国银行保险监督管理委员会,,,监管统计,全国各地区原保险保费收入,,unknown,,,,,
55,stat_table;missing_source;unknown_version,source_url;attachment_url;source_site;publish_date;version_status;version_group;effective_date,excel,.xls,nfra_292,,292_2021年3月人身险公司经营情况表_2021年03月人身险公司经营情况表.xls,2021年03月人身险公司经营情况表,,,监管统计数据,中国银行保险监督管理委员会,,,保险经营统计,人身险公司经营情况表,,unknown,,,,,
55,stat_table;missing_source;unknown_version,source_url;attachment_url;source_site;publish_date;version_status;version_group;effective_date,excel,.xls,nfra_293,,293_2021年3月财产保险公司经营情况表_2021年03月财产保险公司经营情况表.xls,2021年03月财产保险公司经营情况表,,,监管统计数据,中国银行保险监督管理委员会,,,保险经营统计,财产保险公司经营情况表,,unknown,,,,,
55,stat_table;missing_source;unknown_version,source_url;attachment_url;source_site;publish_date;version_status;version_group;effective_date,excel,.xls,nfra_294,,294_2021年3月保险业经营情况表_2021年03月保险业经营情况表.xls,2021年03月保险业经营情况表,,,监管统计数据,中国银行保险监督管理委员会,,,保险经营统计,保险业经营情况表,,unknown,,,,,
55,stat_table;missing_source;unknown_version,source_url;attachment_url;source_site;publish_date;version_status;version_group;effective_date,excel,.xls,nfra_295,,295_2021年2月全国各地区原保险保费收入情况表_2021年02月全国各地区原保险保费收入情况表.xls,2021年02月全国各地区原保险保费收入情况表,,,监管统计数据,中国银行保险监督管理委员会,,,监管统计,全国各地区原保险保费收入,,unknown,,,,,
55,stat_table;missing_source;unknown_version,source_url;attachment_url;source_site;publish_date;version_status;version_group;effective_date,excel,.xls,nfra_296,,296_2021年2月人身险公司经营情况表_2021年02月人身险公司经营情况表.xls,2021年02月人身险公司经营情况表,,,监管统计数据,中国银行保险监督管理委员会,,,保险经营统计,人身险公司经营情况表,,unknown,,,,,
55,stat_table;missing_source;unknown_version,source_url;attachment_url;source_site;publish_date;version_status;version_group;effective_date,excel,.xls,nfra_297,,297_2021年2月财产保险公司经营情况表_2021年02月财产保险公司经营情况表.xls,2021年02月财产保险公司经营情况表,,,监管统计数据,中国银行保险监督管理委员会,,,保险经营统计,财产保险公司经营情况表,,unknown,,,,,
55,stat_table;missing_source;unknown_version,source_url;attachment_url;source_site;publish_date;version_status;version_group;effective_date,excel,.xls,nfra_298,,298_2021年2月保险业经营情况表_2021年02月保险业经营情况表.xls,2021年02月保险业经营情况表,,,监管统计数据,中国银行保险监督管理委员会,,,保险经营统计,保险业经营情况表,,unknown,,,,,
55,stat_table;missing_source;unknown_version,source_url;attachment_url;source_site;publish_date;version_status;version_group;effective_date,excel,.xls,nfra_299,,299_2021年1月全国各地区原保险保费收入情况表_2021年1月全国各地区原保险保费收入情况表.xls,2021年1月全国各地区原保险保费收入情况表,,,监管统计数据,中国银行保险监督管理委员会,,,监管统计,全国各地区原保险保费收入,,unknown,,,,,
55,stat_table;missing_source;unknown_version,source_url;attachment_url;source_site;publish_date;version_status;version_group;effective_date,excel,.xls,nfra_300,,300_2021年1月人身险公司经营情况表_2021年1月人身险公司经营情况表.xls,2021年1月人身险公司经营情况表,,,监管统计数据,中国银行保险监督管理委员会,,,保险经营统计,人身险公司经营情况表,,unknown,,,,,
55,stat_table;missing_source;unknown_version,source_url;attachment_url;source_site;publish_date;version_status;version_group;effective_date,excel,.xls,nfra_301,,301_2021年1月财产保险公司经营情况表_2021年1月财产保险公司经营情况表.xls,2021年1月财产保险公司经营情况表,,,监管统计数据,中国银行保险监督管理委员会,,,保险经营统计,财产保险公司经营情况表,,unknown,,,,,
55,stat_table;missing_source;unknown_version,source_url;attachment_url;source_site;publish_date;version_status;version_group;effective_date,excel,.xls,nfra_302,,302_2021年1月保险业经营情况表_2021年1月保险业经营情况表.xls,2021年1月保险业经营情况表,,,监管统计数据,中国银行保险监督管理委员会,,,保险经营统计,保险业经营情况表,,unknown,,,,,
55,stat_table;missing_source;unknown_version,source_url;attachment_url;source_site;publish_date;version_status;version_group;effective_date,excel,.xls,nfra_303,,303_2021年银保监会监管统计信息发布日程表_2021年监管统计信息披露日程、机构范围及指标解释.xls,2021年监管统计信息披露日程、机构范围及指标解释,,,监管统计数据,银保监会,,,监管统计,监管统计信息披露日程,,unknown,,,,,
55,stat_table;missing_source;unknown_version,source_url;attachment_url;source_site;publish_date;version_status;version_group;effective_date,excel,.xls,nfra_304,,304_2020年银行业金融机构保障性安居工程贷款情况表（季度）_2020年银行业金融机构保障性安居工程贷款情况表（季度）.xls,2020年银行业金融机构保障性安居工程贷款情况表（季度）,,,,,,,其他,,,unknown,,,,,
55,stat_table;missing_source;unknown_version,source_url;attachment_url;source_site;publish_date;version_status;version_group;effective_date,excel,.xls,nfra_305,,305_2020年银行业金融机构普惠型小微企业贷款情况表（季度）_2020年银行业金融机构普惠型小微企业贷款情况表（季度）.xls,2020年银行业金融机构普惠型小微企业贷款情况表（季度）,,,监管统计数据,中国银行保险监督管理委员会,,,监管统计,普惠型小微企业贷款,,unknown,,,,,
55,stat_table;missing_source;unknown_version,source_url;attachment_url;source_site;publish_date;version_status;version_group;effective_date,excel,.xls,nfra_306,,306_2020年商业银行主要指标分机构类情况表（季度）_2020年商业银行主要指标分机构类情况表(季度).xls,2020年商业银行主要指标分机构类情况表(季度),,,监管统计数据,中国银行保险监督管理委员会,,,监管统计,商业银行主要指标分机构类,,unknown,,,,,
55,stat_table;missing_source;unknown_version,source_url;attachment_url;source_site;publish_date;version_status;version_group;effective_date,excel,.xls,nfra_307,,307_2020年商业银行主要监管指标情况表（季度）_2020年商业银行主要监管指标情况表（季度）.xls,2020年商业银行主要监管指标情况表（季度）,,,监管统计数据,中国银行保险监督管理委员会,,,监管统计,商业银行主要监管指标,,unknown,,,,,
55,stat_table;missing_source;unknown_version,source_url;attachment_url;source_site;publish_date;version_status;version_group;effective_date,excel,.xls,nfra_308,,308_2020年银行业总资产、总负债（季度）_2020年总资产、总负债（季度）.xls,2020年总资产、总负债（季度）,,,监管统计数据,中国银行保险监督管理委员会,,,监管统计,总资产、总负债,,unknown,,,,,
55,stat_table;missing_source;unknown_version,source_url;attachment_url;source_site;publish_date;version_status;version_group;effective_date,excel,.xls,nfra_309,,309_2020年银行业总资产、总负债（月度）_2020年银行业总资产、总负债（月度）.xls,2020年银行业总资产、总负债（月度）,,,监管统计数据,中国银行保险监督管理委员会,,,监管统计,银行业总资产,,unknown,,,,,
55,stat_table;missing_source;unknown_version,source_url;attachment_url;source_site;publish_date;version_status;version_group;effective_date,excel,.xls,nfra_310,,310_2020年12月全国各地区原保险保费收入情况表_全国各地区原保险保费收入情况表.xls,全国各地区原保险保费收入情况表,,,监管统计数据,中国银行保险监督管理委员会,,,监管统计,全国各地区原保险保费收入,,unknown,,,,,
55,stat_table;missing_source;unknown_version,source_url;attachment_url;source_site;publish_date;version_status;version_group;effective_date,excel,.xls,nfra_311,,311_2020年12月人身险公司经营情况表_人身险公司经营情况表.xls,人身险公司经营情况表,,,监管统计数据,中国银行保险监督管理委员会,,,保险经营统计,人身险公司经营情况表,,unknown,,,,,
55,stat_table;missing_source;unknown_version,source_url;attachment_url;source_site;publish_date;version_status;version_group;effective_date,excel,.xls,nfra_312,,312_2020年12月财产保险公司经营情况表_财产保险公司经营情况表.xls,财产保险公司经营情况表,,,监管统计数据,中国银行保险监督管理委员会,,,保险经营统计,财产保险公司经营情况表,,unknown,,,,,
55,stat_table;missing_source;unknown_version,source_url;attachment_url;source_site;publish_date;version_status;version_group;effective_date,excel,.xls,nfra_313,,313_2020年12月保险业经营情况表_保险业经营情况表.xls,保险业经营情况表,,,监管统计数据,中国银行保险监督管理委员会,,,保险经营统计,保险业经营情况表,,unknown,,,,,
55,stat_table;missing_source;unknown_version,source_url;attachment_url;source_site;publish_date;version_status;version_group;effective_date,excel,.xls,nfra_314,,314_2020年11月全国各地区原保险保费收入情况表_全国各地区原保险保费收入情况表.xls,全国各地区原保险保费收入情况表,,,监管统计数据,中国银行保险监督管理委员会,,,监管统计,全国各地区原保险保费收入,,unknown,,,,,
55,stat_table;missing_source;unknown_version,source_url;attachment_url;source_site;publish_date;version_status;version_group;effective_date,excel,.xls,nfra_315,,315_2020年11月人身险公司经营情况表_人身险公司经营情况表.xls,人身险公司经营情况表,,,监管统计数据,中国银行保险监督管理委员会,,,保险经营统计,人身险公司经营情况表,,unknown,,,,,
55,stat_table;missing_source;unknown_version,source_url;attachment_url;source_site;publish_date;version_status;version_group;effective_date,excel,.xls,nfra_316,,316_2020年11月财产保险公司经营情况表_财产保险公司经营情况表.xls,财产保险公司经营情况表,,,监管统计数据,中国银行保险监督管理委员会,,,保险经营统计,财产保险公司经营情况表,,unknown,,,,,
55,stat_table;missing_source;unknown_version,source_url;attachment_url;source_site;publish_date;version_status;version_group;effective_date,excel,.xls,nfra_317,,317_2020年11月保险业经营情况表_保险业经营情况表.xls,保险业经营情况表,,,监管统计数据,中国银行保险监督管理委员会,,,保险经营统计,保险业经营情况表,,unknown,,,,,
55,stat_table;missing_source;unknown_version,source_url;attachment_url;source_site;publish_date;version_status;version_group;effective_date,excel,.xls,nfra_318,,318_2020年10月全国各地区原保险保费收入情况表_全国各地区原保险保费收入情况表.xls,全国各地区原保险保费收入情况表,,,监管统计数据,中国银行保险监督管理委员会,,,监管统计,全国各地区原保险保费收入,,unknown,,,,,
55,stat_table;missing_source;unknown_version,source_url;attachment_url;source_site;publish_date;version_status;version_group;effective_date,excel,.xls,nfra_319,,319_2020年10月人身险公司经营情况表_人身险公司经营情况表.xls,人身险公司经营情况表,,,监管统计数据,中国银行保险监督管理委员会,,,保险经营统计,人身险公司经营情况表,,unknown,,,,,
55,stat_table;missing_source;unknown_version,source_url;attachment_url;source_site;publish_date;version_status;version_group;effective_date,excel,.xls,nfra_320,,320_2020年10月财产保险公司经营情况表_财产保险公司经营情况表.xls,财产保险公司经营情况表,,,监管统计数据,中国银行保险监督管理委员会,,,保险经营统计,财产保险公司经营情况表,,unknown,,,,,
55,stat_table;missing_source;unknown_version,source_url;attachment_url;source_site;publish_date;version_status;version_group;effective_date,excel,.xls,nfra_321,,321_2020年10月保险业经营情况表_保险业经营情况表.xls,保险业经营情况表,,,监管统计数据,中国银行保险监督管理委员会,,,保险经营统计,保险业经营情况表,,unknown,,,,,
55,stat_table;missing_source;unknown_version,source_url;attachment_url;source_site;publish_date;version_status;version_group;effective_date,excel,.xls,nfra_322,,322_2020年9月全国各地区原保险保费收入情况表_全国各地区原保险保费收入情况表.xls,全国各地区原保险保费收入情况表,,,监管统计数据,中国银行保险监督管理委员会,,,监管统计,全国各地区原保险保费收入,,unknown,,,,,
55,stat_table;missing_source;unknown_version,source_url;attachment_url;source_site;publish_date;version_status;version_group;effective_date,excel,.xls,nfra_323,,323_2020年9月人身险公司经营情况表_人身险公司经营情况表.xls,人身险公司经营情况表,,,监管统计数据,中国银行保险监督管理委员会,,,保险经营统计,人身险公司经营情况表,,unknown,,,,,
55,stat_table;missing_source;unknown_version,source_url;attachment_url;source_site;publish_date;version_status;version_group;effective_date,excel,.xls,nfra_324,,324_2020年9月财产保险公司经营情况表_财产保险公司经营情况表.xls,财产保险公司经营情况表,,,监管统计数据,中国银行保险监督管理委员会,,,保险经营统计,财产保险公司经营情况表,,unknown,,,,,
55,stat_table;missing_source;unknown_version,source_url;attachment_url;source_site;publish_date;version_status;version_group;effective_date,excel,.xls,nfra_325,,325_2020年9月保险业经营情况表_保险业经营情况表.xls,保险业经营情况表,,,监管统计数据,中国银行保险监督管理委员会,,,保险经营统计,保险业经营情况表,,unknown,,,,,
55,stat_table;missing_source;unknown_version,source_url;attachment_url;source_site;publish_date;version_status;version_group;effective_date,excel,.xls,nfra_326,,326_2020年8月全国各地区原保险保费收入情况表_全国各地区原保险保费收入情况表.xls,全国各地区原保险保费收入情况表,,,监管统计数据,中国银行保险监督管理委员会,,,监管统计,全国各地区原保险保费收入,,unknown,,,,,
55,stat_table;missing_source;unknown_version,source_url;attachment_url;source_site;publish_date;version_status;version_group;effective_date,excel,.xls,nfra_327,,327_2020年8月人身险公司经营情况表_人身险公司经营情况表.xls,人身险公司经营情况表,,,监管统计数据,中国银行保险监督管理委员会,,,保险经营统计,人身险公司经营情况表,,unknown,,,,,
55,stat_table;missing_source;unknown_version,source_url;attachment_url;source_site;publish_date;version_status;version_group;effective_date,excel,.xls,nfra_328,,328_2020年8月财产保险公司经营情况表_财产保险公司经营情况表.xls,财产保险公司经营情况表,,,监管统计数据,中国银行保险监督管理委员会,,,保险经营统计,财产保险公司经营情况表,,unknown,,,,,
55,stat_table;missing_source;unknown_version,source_url;attachment_url;source_site;publish_date;version_status;version_group;effective_date,excel,.xls,nfra_329,,329_2020年8月保险业经营情况表_保险业经营情况表.xls,保险业经营情况表,,,监管统计数据,中国银行保险监督管理委员会,,,保险经营统计,保险业经营情况表,,unknown,,,,,
55,stat_table;missing_source;unknown_version,source_url;attachment_url;source_site;publish_date;version_status;version_group;effective_date,excel,.xls,nfra_330,,330_2020年7月全国各地区原保险保费收入情况表_全国各地区原保险保费收入情况表.xls,全国各地区原保险保费收入情况表,,,监管统计数据,中国银行保险监督管理委员会,,,监管统计,全国各地区原保险保费收入,,unknown,,,,,
55,stat_table;missing_source;unknown_version,source_url;attachment_url;source_site;publish_date;version_status;version_group;effective_date,excel,.xls,nfra_331,,331_2020年7月人身险公司经营情况表_人身险公司经营情况表.xls,人身险公司经营情况表,,,监管统计数据,中国银行保险监督管理委员会,,,保险经营统计,人身险公司经营情况表,,unknown,,,,,
55,stat_table;missing_source;unknown_version,source_url;attachment_url;source_site;publish_date;version_status;version_group;effective_date,excel,.xls,nfra_332,,332_2020年7月财产保险公司经营情况表_财产保险公司经营情况表.xls,财产保险公司经营情况表,,,监管统计数据,中国银行保险监督管理委员会,,,保险经营统计,财产保险公司经营情况表,,unknown,,,,,
55,stat_table;missing_source;unknown_version,source_url;attachment_url;source_site;publish_date;version_status;version_group;effective_date,excel,.xls,nfra_333,,333_2020年7月保险业经营情况表_保险业经营情况表.xls,保险业经营情况表,,,监管统计数据,中国银行保险监督管理委员会,,,保险经营统计,保险业经营情况表,,unknown,,,,,
55,stat_table;missing_source;unknown_version,source_url;attachment_url;source_site;publish_date;version_status;version_group;effective_date,excel,.xls,nfra_334,,334_2020年6月全国各地区原保险保费收入情况表_全国各地区原保险保费收入情况表.xls,全国各地区原保险保费收入情况表,,,监管统计数据,中国银行保险监督管理委员会,,,监管统计,全国各地区原保险保费收入,,unknown,,,,,
55,stat_table;missing_source;unknown_version,source_url;attachment_url;source_site;publish_date;version_status;version_group;effective_date,excel,.xls,nfra_335,,335_2020年6月人身险公司经营情况表_人身险公司经营情况表.xls,人身险公司经营情况表,,,监管统计数据,中国银行保险监督管理委员会,,,保险经营统计,人身险公司经营情况表,,unknown,,,,,
55,stat_table;missing_source;unknown_version,source_url;attachment_url;source_site;publish_date;version_status;version_group;effective_date,excel,.xls,nfra_336,,336_2020年6月财产保险公司经营情况表_财产保险公司经营情况表.xls,财产保险公司经营情况表,,,监管统计数据,中国银行保险监督管理委员会,,,保险经营统计,财产保险公司经营情况表,,unknown,,,,,
55,stat_table;missing_source;unknown_version,source_url;attachment_url;source_site;publish_date;version_status;version_group;effective_date,excel,.xls,nfra_337,,337_2020年6月保险业经营情况表_保险业经营情况表.xls,保险业经营情况表,,,监管统计数据,中国银行保险监督管理委员会,,,保险经营统计,保险业经营情况表,,unknown,,,,,
55,stat_table;missing_source;unknown_version,source_url;attachment_url;source_site;publish_date;version_status;version_group;effective_date,excel,.xls,nfra_338,,338_2020年5月全国各地区原保险保费收入情况表_全国各地区原保险保费收入情况表.xls,全国各地区原保险保费收入情况表,,,监管统计数据,中国银行保险监督管理委员会,,,监管统计,全国各地区原保险保费收入,,unknown,,,,,
55,stat_table;missing_source;unknown_version,source_url;attachment_url;source_site;publish_date;version_status;version_group;effective_date,excel,.xls,nfra_339,,339_2020年5月人身险公司经营情况表_人身险公司经营情况表.xls,人身险公司经营情况表,,,监管统计数据,中国银行保险监督管理委员会,,,保险经营统计,人身险公司经营情况表,,unknown,,,,,
55,stat_table;missing_source;unknown_version,source_url;attachment_url;source_site;publish_date;version_status;version_group;effective_date,excel,.xls,nfra_340,,340_2020年5月财产保险公司经营情况表_财产保险公司经营情况表.xls,财产保险公司经营情况表,,,监管统计数据,中国银行保险监督管理委员会,,,保险经营统计,财产保险公司经营情况表,,unknown,,,,,
55,stat_table;missing_source;unknown_version,source_url;attachment_url;source_site;publish_date;version_status;version_group;effective_date,excel,.xls,nfra_341,,341_2020年5月保险业经营情况表_保险业经营情况表.xls,保险业经营情况表,,,监管统计数据,中国银行保险监督管理委员会,,,保险经营统计,保险业经营情况表,,unknown,,,,,
55,stat_table;missing_source;unknown_version,source_url;attachment_url;source_site;publish_date;version_status;version_group;effective_date,excel,.xls,nfra_342,,342_2020年4月全国各地区原保险保费收入情况表_全国各地区原保险保费收入情况表.xls,全国各地区原保险保费收入情况表,,,监管统计数据,中国银行保险监督管理委员会,,,监管统计,全国各地区原保险保费收入,,unknown,,,,,
55,stat_table;missing_source;unknown_version,source_url;attachment_url;source_site;publish_date;version_status;version_group;effective_date,excel,.xls,nfra_343,,343_2020年4月人身险公司经营情况表_人身险公司经营情况表.xls,人身险公司经营情况表,,,监管统计数据,中国银行保险监督管理委员会,,,保险经营统计,人身险公司经营情况表,,unknown,,,,,
55,stat_table;missing_source;unknown_version,source_url;attachment_url;source_site;publish_date;version_status;version_group;effective_date,excel,.xls,nfra_344,,344_2020年4月财产保险公司经营情况表_财产保险公司经营情况表.xls,财产保险公司经营情况表,,,监管统计数据,中国银行保险监督管理委员会,,,保险经营统计,财产保险公司经营情况表,,unknown,,,,,
55,stat_table;missing_source;unknown_version,source_url;attachment_url;source_site;publish_date;version_status;version_group;effective_date,excel,.xls,nfra_345,,345_2020年4月保险业经营情况表_保险业经营情况表.xls,保险业经营情况表,,,监管统计数据,中国银行保险监督管理委员会,,,保险经营统计,保险业经营情况表,,unknown,,,,,
55,stat_table;missing_source;unknown_version,source_url;attachment_url;source_site;publish_date;version_status;version_group;effective_date,excel,.xls,nfra_346,,346_2020年3月全国各地区原保险保费收入情况表_全国各地区原保险保费收入情况表.xls,全国各地区原保险保费收入情况表,,,监管统计数据,中国银行保险监督管理委员会,,,监管统计,全国各地区原保险保费收入,,unknown,,,,,
55,stat_table;missing_source;unknown_version,source_url;attachment_url;source_site;publish_date;version_status;version_group;effective_date,excel,.xls,nfra_347,,347_2020年3月人身险公司经营情况表_人身险公司经营情况表.xls,人身险公司经营情况表,,,监管统计数据,中国银行保险监督管理委员会,,,保险经营统计,人身险公司经营情况表,,unknown,,,,,
55,stat_table;missing_source;unknown_version,source_url;attachment_url;source_site;publish_date;version_status;version_group;effective_date,excel,.xls,nfra_348,,348_2020年3月财产保险公司经营情况表_财产保险公司经营情况表.xls,财产保险公司经营情况表,,,监管统计数据,中国银行保险监督管理委员会,,,保险经营统计,财产保险公司经营情况表,,unknown,,,,,
55,stat_table;missing_source;unknown_version,source_url;attachment_url;source_site;publish_date;version_status;version_group;effective_date,excel,.xls,nfra_349,,349_2020年3月保险业经营情况表_保险业经营情况表.xls,保险业经营情况表,,,监管统计数据,中国银行保险监督管理委员会,,,保险经营统计,保险业经营情况表,,unknown,,,,,
55,stat_table;missing_source;unknown_version,source_url;attachment_url;source_site;publish_date;version_status;version_group;effective_date,excel,.xls,nfra_350,,350_2020年2月全国各地区原保险保费收入情况表_全国各地区原保险保费收入情况表.xls,全国各地区原保险保费收入情况表,,,监管统计数据,中国银行保险监督管理委员会,,,监管统计,全国各地区原保险保费收入,,unknown,,,,,
55,stat_table;missing_source;unknown_version,source_url;attachment_url;source_site;publish_date;version_status;version_group;effective_date,excel,.xls,nfra_351,,351_2020年2月人身险公司经营情况表_人身险公司经营情况表.xls,人身险公司经营情况表,,,监管统计数据,中国银行保险监督管理委员会,,,保险经营统计,人身险公司经营情况表,,unknown,,,,,
55,stat_table;missing_source;unknown_version,source_url;attachment_url;source_site;publish_date;version_status;version_group;effective_date,excel,.xls,nfra_352,,352_2020年2月财产保险公司经营情况表_财产保险公司经营情况表.xls,财产保险公司经营情况表,,,监管统计数据,中国银行保险监督管理委员会,,,保险经营统计,财产保险公司经营情况表,,unknown,,,,,
55,stat_table;missing_source;unknown_version,source_url;attachment_url;source_site;publish_date;version_status;version_group;effective_date,excel,.xls,nfra_353,,353_2020年2月保险业经营情况表_保险业经营情况表.xls,保险业经营情况表,,,监管统计数据,中国银行保险监督管理委员会,,,保险经营统计,保险业经营情况表,,unknown,,,,,
55,stat_table;missing_source;unknown_version,source_url;attachment_url;source_site;publish_date;version_status;version_group;effective_date,excel,.xlsx,nfra_354,,354_2020年1月全国各地区原保险保费收入情况表_全国各地区原保险保费收入情况表.xlsx,全国各地区原保险保费收入情况表,,,监管统计数据,中国银行保险监督管理委员会,,,监管统计,全国各地区原保险保费收入,,unknown,,,,,
55,stat_table;missing_source;unknown_version,source_url;attachment_url;source_site;publish_date;version_status;version_group;effective_date,excel,.xlsx,nfra_355,,355_2020年1月人身险公司经营情况表_人身险公司经营情况表.xlsx,人身险公司经营情况表,,,监管统计数据,中国银行保险监督管理委员会,,,保险经营统计,人身险公司经营情况表,,unknown,,,,,
55,stat_table;missing_source;unknown_version,source_url;attachment_url;source_site;publish_date;version_status;version_group;effective_date,excel,.xlsx,nfra_356,,356_2020年1月财产保险公司经营情况表_财产保险公司经营情况表.xlsx,财产保险公司经营情况表,,,监管统计数据,中国银行保险监督管理委员会,,,保险经营统计,财产保险公司经营情况表,,unknown,,,,,
55,stat_table;missing_source;unknown_version,source_url;attachment_url;source_site;publish_date;version_status;version_group;effective_date,excel,.xlsx,nfra_357,,357_2020年1月保险业经营情况表_保险业经营情况表.xlsx,保险业经营情况表,,,监管统计数据,中国银行保险监督管理委员会,,,保险经营统计,保险业经营情况表,,unknown,,,,,
55,stat_table;missing_source;unknown_version,source_url;attachment_url;source_site;publish_date;version_status;version_group;effective_date,excel,.xls,nfra_358,,358_2020年银保监会监管统计信息发布日程表_2020年银保监会监管统计信息发布日程表.xls,2020年银保监会监管统计信息发布日程表,,,监管统计数据,银保监会,,,监管统计,监管统计信息发布日程,,unknown,,,,,
55,stat_table;missing_source;unknown_version,source_url;attachment_url;source_site;publish_date;version_status;version_group;effective_date,excel,.xls,nfra_359,,359_2019年银保监会监管统计信息发布日程表_2019年银保监会监管统计信息发布日程表.xls,2019年银保监会监管统计信息发布日程表,,,监管统计数据,银保监会,,,监管统计,监管统计信息发布日程,,unknown,,,,,
55,stat_table;missing_source;unknown_version,source_url;attachment_url;source_site;publish_date;version_status;version_group;effective_date,excel,.xls,nfra_360,,360_2018年银监会监管统计信息发布日程表_2018年监管统计信息披露日程表.xls,2018年监管统计信息披露日程表,,,监管统计数据,银监会,,,监管统计,监管统计信息披露日程,,unknown,,,,,
55,stat_table;missing_source;unknown_version,source_url;attachment_url;source_site;publish_date;version_status;version_group;effective_date,excel,.xls,nfra_371,,371_2017年银监会监管统计信息发布日程表_2017年监管统计信息披露日程表.xls,2017年监管统计信息披露日程表,,,监管统计数据,银监会,,,监管统计,监管统计信息披露日程,,unknown,,,,,
55,stat_table;missing_source;unknown_version,source_url;attachment_url;source_site;publish_date;version_status;version_group;effective_date,excel,.xls,nfra_372,,372_2016年银监会监管统计信息发布日程表_2016年监管统计信息披露日程表.xls,2016年监管统计信息披露日程表,,,监管统计数据,银监会,,,监管统计,监管统计信息披露日程,,unknown,,,,,
55,stat_table;missing_source;unknown_version,source_url;attachment_url;source_site;publish_date;version_status;version_group;effective_date,excel,.xls,nfra_375,,375_2015年银监会监管统计信息发布日程表_2015年银监会监管统计信息发布日程表.xls,2015年银监会监管统计信息发布日程表,,,监管统计数据,银监会,,,监管统计,监管统计信息发布日程,,unknown,,,,,
55,stat_table;missing_source;unknown_version,source_url;attachment_url;source_site;publish_date;version_status;version_group;effective_date,excel,.xls,nfra_376,,376_2014年商业银行主要监管指标情况表(季度)_2014年监管统计信息发布日程、机构范围和指标解释表.xls,2014年监管统计信息发布日程、机构范围和指标解释表,,,监管统计数据,中国银行保险监督管理委员会,,,监管统计,监管统计信息发布日程,,unknown,,,,,
55,stat_table;missing_source;unknown_version,source_url;attachment_url;source_site;publish_date;version_status;version_group;effective_date,excel,.xls,nfra_377,,377_2014年银监会监管统计信息发布日程表_2014年银监会监管统计信息发布日程表.xls,2014年银监会监管统计信息发布日程表,,,监管统计数据,银监会,,,监管统计,监管统计信息发布日程,,unknown,,,,,
55,stat_table;missing_source;unknown_version,source_url;attachment_url;source_site;publish_date;version_status;version_group;effective_date,excel,.xls,nfra_378,,378_2013年商业银行主要监管指标情况表(季度)_2013年监管统计信息发布日程表.xls,2013年监管统计信息发布日程表,,,监管统计数据,中国银行保险监督管理委员会,,,监管统计,监管统计信息发布日程,,unknown,,,,,
55,stat_table;missing_source;unknown_version,source_url;attachment_url;source_site;publish_date;version_status;version_group;effective_date,excel,.xls,nfra_379,,379_2013年商业银行主要监管指标情况表(季度)_机构范围和指标解释.xls,机构范围和指标解释,,,监管统计数据,中国银行保险监督管理委员会,,,监管统计,机构范围,,unknown,,,,,
55,stat_table;missing_source;unknown_version,source_url;attachment_url;source_site;publish_date;version_status;version_group;effective_date,excel,.xls,nfra_380,,380_2013年总资产、总负债(季度)_2013年监管统计信息发布日程表及机构范围解释.xls,2013年监管统计信息发布日程表及机构范围解释,,,监管统计数据,中国银行保险监督管理委员会,,,监管统计,监管统计信息发布日程,,unknown,,,,,
55,stat_table;missing_source;unknown_version,source_url;attachment_url;source_site;publish_date;version_status;version_group;effective_date,excel,.xls,nfra_381,,381_2012年总资产、总负债(季度)_机构范围和指标解释.xls,机构范围和指标解释,,,监管统计数据,中国银行保险监督管理委员会,,,监管统计,机构范围,,unknown,,,,,
55,stat_table;missing_source;unknown_version,source_url;attachment_url;source_site;publish_date;version_status;version_group;effective_date,excel,.xls,nfra_382,,382_2012年商业银行主要监管指标情况表(季度)_机构范围和指标解释.xls,机构范围和指标解释,,,监管统计数据,中国银行保险监督管理委员会,,,监管统计,机构范围,,unknown,,,,,
55,stat_table;missing_source;unknown_version,source_url;attachment_url;source_site;publish_date;version_status;version_group;effective_date,excel,.xls,nfra_383,,383_2011年商业银行主要监管指标情况表(季度)_机构范围和指标解释.xls,机构范围和指标解释,,,监管统计数据,中国银行保险监督管理委员会,,,监管统计,机构范围,,unknown,,,,,
55,stat_table;missing_source;unknown_version,source_url;attachment_url;source_site;publish_date;version_status;version_group;effective_date,excel,.xls,nfra_384,,384_2011年总资产、总负债(季度)_机构范围解释.xls,机构范围解释,,,监管统计数据,中国银行保险监督管理委员会,,,监管统计,机构范围,,unknown,,,,,
55,stat_table;missing_source;unknown_version,source_url;attachment_url;source_site;publish_date;version_status;version_group;effective_date,excel,.xls,nfra_391,,391_国家金融监督管理总局关于印发银行业金融机构小微企业金融服务监管评价办法的通知_附件_银行业金融机构小微企业金融服务监管评价指标表.xls,银行业金融机构小微企业金融服务监管评价指标表,,,监管统计数据,国家金融监督管理总局,,,普惠金融,小微,,unknown,,,,,
55,stat_table;missing_source;unknown_version,source_url;attachment_url;source_site;publish_date;version_status;version_group;effective_date,excel,.xls,nfra_394,,394_国家金融监督管理总局办公厅关于印发保险公司县域机构统计制度的通知_附件1：财产保险公司县域机构统计表.xls,附件1：财产保险公司县域机构统计表,,,监管统计数据,国家金融监督管理总局,,,监管统计,统计,,unknown,,,,,
55,stat_table;missing_source;unknown_version,source_url;attachment_url;source_site;publish_date;version_status;version_group;effective_date,excel,.xls,nfra_395,,395_国家金融监督管理总局办公厅关于印发保险公司县域机构统计制度的通知_附件2：人身保险公司县域机构统计表.xls,附件2：人身保险公司县域机构统计表,,,监管统计数据,国家金融监督管理总局,,,监管统计,统计,,unknown,,,,,
55,stat_table;missing_source;unknown_version,source_url;attachment_url;source_site;publish_date;version_status;version_group;effective_date,excel,.xls,nfra_427,,427_国家金融监督管理总局_中国人民银行_中国证券监督管理委员会_国家互联网信息办公室_国家外汇管理局关于规范货币经纪公司数据服务有关事项的通知_附件2：货币经纪公司可提供数据服务的机构名单.xls,附件2：货币经纪公司可提供数据服务的机构名单,,,,国家金融监督管理总局、中国人民银行,,,其他,,,unknown,,,,,
55,stat_table;missing_source;unknown_version,source_url;attachment_url;source_site;publish_date;version_status;version_group;effective_date,excel,.xls,nfra_441,,441_中国银保监会关于印发_保险公司非寿险业务准备金管理办法_实施细则（1—7号）的通知_细则第5号附件：非寿险业务准备金回溯分析报表.xls,细则第5号附件：非寿险业务准备金回溯分析报表,,,监管统计数据,中国银保监会、银保监会,,,监管统计,报表,,unknown,,,,,
55,stat_table;missing_source;unknown_version,source_url;attachment_url;source_site;publish_date;version_status;version_group;effective_date,excel,.xlsx,nfra_444,,444_中国银保监会关于印发_保险公司非寿险业务准备金管理办法_实施细则（1—7号）的通知_细则第6号附件2.保险公司年度非寿险业务准备金评估报告监管报表.xlsx,细则第6号附件2.保险公司年度非寿险业务准备金评估报告监管报表,,,监管统计数据,中国银保监会、银保监会,,,监管统计,报表,,unknown,,,,,
55,stat_table;missing_source;unknown_version,source_url;attachment_url;source_site;publish_date;version_status;version_group;effective_date,excel,.xlsx,nfra_445,,445_中国银保监会关于印发_保险公司非寿险业务准备金管理办法_实施细则（1—7号）的通知_细则第6号附件3.交强险业务专项准备金评估报告监管报表.xlsx,细则第6号附件3.交强险业务专项准备金评估报告监管报表,,,监管统计数据,中国银保监会、银保监会,,,监管统计,报表,,unknown,,,,,
55,stat_table;missing_source;unknown_version,source_url;attachment_url;source_site;publish_date;version_status;version_group;effective_date,excel,.xlsx,nfra_446,,446_中国银保监会关于印发_保险公司非寿险业务准备金管理办法_实施细则（1—7号）的通知_细则第6号附件4.再保险公司年度非寿险业务准备金评估报告监管报表.xlsx,细则第6号附件4.再保险公司年度非寿险业务准备金评估报告监管报表,,,监管统计数据,中国银保监会、银保监会,,,监管统计,报表,,unknown,,,,,
55,stat_table;missing_source;unknown_version,source_url;attachment_url;source_site;publish_date;version_status;version_group;effective_date,excel,.xlsx,nfra_449,,449_中国银保监会关于印发_保险公司非寿险业务准备金管理办法_实施细则（1—7号）的通知_细则第6号附件7.准备金报表签字页.xlsx,细则第6号附件7.准备金报表签字页,,,监管统计数据,中国银保监会、银保监会,,,监管统计,报表,,unknown,,,,,
55,stat_table;missing_source;unknown_version,source_url;attachment_url;source_site;publish_date;version_status;version_group;effective_date,excel,.xlsx,nfra_461,,461_中国银保监会关于实施_保险公司偿付能力监管规则（Ⅱ）_有关事项的通知_附件2：巨灾风险损失因子表和最低资本计算模板.xlsx,附件2：巨灾风险损失因子表和最低资本计算模板,,,监管统计数据,中国银保监会、银保监会,,,资本管理,资本,,unknown,,,,,
55,stat_table;missing_source;unknown_version,source_url;attachment_url;source_site;publish_date;version_status;version_group;effective_date,excel,.xlsx,nfra_464,,464_中国银保监会关于实施_保险公司偿付能力监管规则（Ⅱ）_有关事项的通知_附件5：保险公司偿付能力风险管理能力评估表.xlsx,附件5：保险公司偿付能力风险管理能力评估表,,,监管统计数据,中国银保监会、银保监会,,,资本管理,偿付能力,,unknown,,,,,
55,stat_table;missing_source;unknown_version,source_url;attachment_url;source_site;publish_date;version_status;version_group;effective_date,excel,.xlsx,nfra_466,,466_中国银保监会关于实施_保险公司偿付能力监管规则（Ⅱ）_有关事项的通知_附件7：保险集团偿付能力风险管理能力评估表.xlsx,附件7：保险集团偿付能力风险管理能力评估表,,,监管统计数据,中国银保监会、银保监会,,,资本管理,偿付能力,,unknown,,,,,
55,stat_table;missing_source;unknown_version,source_url;attachment_url;source_site;publish_date;version_status;version_group;effective_date,excel,.xlsx,nfra_468,,468_中国银保监会关于实施_保险公司偿付能力监管规则（Ⅱ）_有关事项的通知_附件9：保险公司偿付能力季度报告Excel样表.xlsx,附件9：保险公司偿付能力季度报告Excel样表,,,监管统计数据,中国银保监会、银保监会,,,资本管理,偿付能力,,unknown,,,,,
55,stat_table;missing_source;unknown_version,source_url;attachment_url;source_site;publish_date;version_status;version_group;effective_date,excel,.xlsx,nfra_469,,469_中国银保监会关于实施_保险公司偿付能力监管规则（Ⅱ）_有关事项的通知_附件10：保险集团偿付能力报告Excel样表.xlsx,附件10：保险集团偿付能力报告Excel样表,,,监管统计数据,中国银保监会、银保监会,,,资本管理,偿付能力,,unknown,,,,,
55,stat_table;missing_source;unknown_version,source_url;attachment_url;source_site;publish_date;version_status;version_group;effective_date,excel,.xlsx,nfra_470,,470_中国银保监会关于实施_保险公司偿付能力监管规则（Ⅱ）_有关事项的通知_附件11-1：财产保险公司偿付能力压力测试报告Excel样表.x.xlsx,附件11-1：财产保险公司偿付能力压力测试报告Excel样表.x,,,监管统计数据,中国银保监会、银保监会,,,资本管理,偿付能力,,unknown,,,,,
55,stat_table;missing_source;unknown_version,source_url;attachment_url;source_site;publish_date;version_status;version_group;effective_date,excel,.xlsx,nfra_471,,471_中国银保监会关于实施_保险公司偿付能力监管规则（Ⅱ）_有关事项的通知_附件11-2：人身保险公司偿付能力压力测试报告Excel样表.x.xlsx,附件11-2：人身保险公司偿付能力压力测试报告Excel样表.x,,,监管统计数据,中国银保监会、银保监会,,,资本管理,偿付能力,,unknown,,,,,
55,stat_table;missing_source;unknown_version,source_url;attachment_url;source_site;publish_date;version_status;version_group;effective_date,excel,.xlsx,nfra_496,,496_中国银保监会办公厅关于_印发意外伤害保险业务监管办法的通知_附件：意外伤害保险经营情况附表.xlsx,附件：意外伤害保险经营情况附表,,,,中国银保监会、银保监会,,,其他,,,unknown,,,,,
